P1_cluster,size,P1_top_terms,P2_KMeans_MiniLM_UMAP_matched_cluster,P2_KMeans_MiniLM_UMAP_top_terms,P2_KMeans_MiniLM_UMAP_jaccard,P3_Ward_MiniLM_UMAP_matched_cluster,P3_Ward_MiniLM_UMAP_top_terms,P3_Ward_MiniLM_UMAP_jaccard,P4_HDBSCAN_BGE_UMAP_matched_cluster,P4_HDBSCAN_BGE_UMAP_top_terms,P4_HDBSCAN_BGE_UMAP_jaccard,P5_GMM_MiniLM_PCA_matched_cluster,P5_GMM_MiniLM_PCA_top_terms,P5_GMM_MiniLM_PCA_jaccard,P6_Spectral_MiniLM_UMAP_matched_cluster,P6_Spectral_MiniLM_UMAP_top_terms,P6_Spectral_MiniLM_UMAP_jaccard,P7_GMM_MiniLM_UMAP_matched_cluster,P7_GMM_MiniLM_UMAP_top_terms,P7_GMM_MiniLM_UMAP_jaccard
27,762,"hamilton, verstappen, inside, norris, leclerc, perez, lando, russell",6,"verstappen, hamilton, norris, leclerc, perez, sainz, lando, russell",0.667,7,"verstappen, hamilton, norris, leclerc, russell, ahead, perez, sainz",0.5,62,"verstappen, norris, hamilton, sainz, perez, comes, russell, perez norris",0.364,31,"hamilton, inside, verstappen, going, perez, norris, leclerc, russell",0.667,6,"hamilton, verstappen, inside, leclerc, norris, perez, russell, going",0.765,5,"inside, verstappen, hamilton, norris, past, leclerc, going, alonso",0.875
18,600,"ferrari, red, bull, red bull, mercedes, mclaren, hamilton, teammate",31,"ferrari, bull, red bull, red, mercedes, mclaren, hamilton, team",0.765,5,"ferrari, bull, red bull, red, mercedes, hamilton, verstappen, mclaren",0.875,24,"ferrari, red bull, bull, red, mercedes, mclaren, teammate, team",0.5,13,"ferrari, verstappen, leclerc, teammate, red bull, bull, hamilton, sainz",0.667,3,"ferrari, red, red bull, bull, mercedes, hamilton, verstappen, teammate",0.667,9,"ferrari, red, bull, red bull, mercedes, mclaren, hamilton, teammate",0.875
6,465,"grand prix, grand, prix, wins, verstappen, verstappen wins, max verstappen, max",0,"grand prix, grand, prix, wins, verstappen, verstappen wins, max, max verstappen",0.875,21,"grand prix, grand, prix, wins, verstappen, verstappen wins, max, max verstappen",0.875,41,"grand prix, grand, prix, lead, lead grand, takes lead, verstappen, british grand",0.364,28,"prix, grand, grand prix, wins, formula, verstappen wins, podium, verstappen",0.5,4,"grand, grand prix, prix, wins, verstappen, max verstappen, max, verstappen wins",0.875,10,"grand, grand prix, prix, wins, verstappen, verstappen wins, max verstappen, max",0.875
15,379,"tires, tire, tyres, hard, medium, compound, tyre, fresher",13,"tires, tire, tyres, medium, hard, compound, tyre, fresher",0.875,18,"tires, tire, tyres, hard, medium, compound, tyre, soft",0.875,32,"tires, tire, medium, hard, compound, fresher, compound tire, medium tires",0.765,15,"tires, tire, tyres, hard, medium, medium tires, hard tires, tyre",0.579,12,"tires, tire, tyres, hard, medium, compound, tyre, soft",0.875,4,"tires, tire, tyres, hard, medium, compound, rain, tyre",0.667
0,205,"drs, got drs, got, drs zone, zone, hamilton, going, open",4,"drs, got drs, got, drs zone, going, hamilton, zone, verstappen",0.875,17,"drs, got drs, got, drs zone, going, hamilton, zone, verstappen",0.875,7,"drs, got drs, got, drs zone, hamilton, zone, going, extra",0.579,6,"drs, got drs, got, going, hamilton, lap, drs zone, zone",0.667,8,"drs, got drs, got, drs zone, zone, going, hamilton, leclerc",0.875,3,"drs, got drs, got, drs zone, going, hamilton, zone, verstappen",0.875
14,185,"pit, lane, pit lane, pit stop, stop, pits, verstappen, hamilton",12,"pit, pit lane, lane, pit stop, stop, pits, verstappen, hamilton",0.875,29,"pit, pit stop, pit lane, lane, stop, pits, verstappen, hamilton",0.875,27,"pit, lane, pit lane, stop, pits, pit stop, verstappen, comes pits",0.5,32,"pit, pit stop, pits, stop, pit lane, lane, verstappen, hamilton",0.667,24,"pit, pit stop, stop, lane, pit lane, pits, verstappen, hamilton",0.875,15,"pit, pit stop, lane, pit lane, pits, stop, verstappen, hamilton",0.765
31,162,"race, lead race, lead, verstappen, hamilton, max, max verstappen, leader",27,"race, lead race, verstappen, lead, max, hamilton, race leader, max verstappen",0.579,22,"race, verstappen, lead race, lead, max, hamilton, race max, max verstappen",0.579,33,"race, lap, fastest, fastest lap, lead, lap race, lead race, verstappen",0.429,29,"race, verstappen, racetrack, lead race, lead, hamilton, track, max",0.429,1,"race, car, verstappen, going, driver, just, hamilton, braking",0.2,18,"race, lead race, verstappen, lead, hamilton, max, max verstappen, race verstappen",0.579
13,158,"championship, world, champion, world championship, win, world champion, time, constructors",20,"championship, world, world championship, champion, win, thank, verstappen, max",0.667,3,"championship, world, world championship, champion, win, thank, verstappen, constructors",0.579,40,"championship, world, world championship, win, champion, points, verstappen, championship lead",0.364,9,"championship, world, red bull, bull, red, constructors, thank, champions",0.2,9,"championship, world, world championship, champion, win, verstappen, victory, max",0.579,27,"championship, world, world championship, champion, win, thank, verstappen, max",0.5
12,139,"podium, podium places, home, place, hamilton podium, time, comes home, hamilton",11,"podium, podium places, home, completes podium, second, place, comes home, verstappen",0.765,28,"podium, podium places, home, verstappen, place, second, max, hamilton podium",0.765,46,"podium, podium places, places, step, hamilton podium, step podium, goes podium, complete podium",0.154,25,"podium, verstappen, max, world, podium places, championship, max verstappen, champion",0.304,19,"podium, podium places, home, place, second, hamilton podium, time, leclerc",0.765,2,"podium, podium places, home, hamilton podium, place, comes home, second, podium place",0.765
30,136,"lap, fastest lap, fastest, lap lap, previous lap, opening lap, opening, previous",28,"lap, fastest lap, fastest, verstappen, opening lap, lap lap, hamilton, opening",0.579,25,"lap, fastest lap, fastest, lap lap, opening lap, verstappen, opening, previous lap",0.667,29,"laps, lap, grand prix, grand, prix, 53, races, race",0.034,19,"lap, race, driver, fastest lap, fastest, verstappen, going, lap race",0.25,29,"lap, fastest lap, fastest, verstappen, opening, lap lap, opening lap, hamilton",0.667,20,"lap, fastest lap, fastest, lap lap, verstappen, opening lap, previous lap, going",0.667
9,134,"formula, podium, formula world, podium formula, time formula, championship, world, time",21,"formula, podium, formula world, podium formula, time formula, championship, world, world championship",0.765,32,"formula, podium, formula world, time formula, podium formula, championship, world, world championship",0.875,42,"grand, grand prix, prix, wins, formula, verstappen wins, win, verstappen",0.2,16,"prix, grand prix, grand, formula, lead grand, lead, drs, win",0.154,15,"formula, podium, formula world, podium formula, championship, time formula, world, world championship",0.765,16,"formula, podium, formula world, podium formula, time formula, world, championship, world championship",0.765
21,128,"braking, brakes, braking zone, zone, brake, late, just, late braking",26,"braking, braking zone, zone, brakes, brake, just, road, car",0.579,12,"going, place, inside, outside, sweep, overtake, does, got",0.111,48,"brakes, braking, late, late brakes, brake, just, rear, car",0.304,7,"car, yeah, just, got, rear, wing, brakes, engine",0.25,18,"flag, checkered, checkered flag, chequered flag, chequered, sees, sees checkered, driver",0.0,12,"car, just, going, got, verstappen, throttle, race, cars",0.2
16,122,"safety car, safety, car, virtual safety, virtual, car safety, deployed, car deployed",17,"safety car, safety, car, virtual safety, virtual, car safety, deployed, car deployed",0.765,13,"safety car, safety, car, virtual safety, virtual, car safety, deployed, car deployed",0.875,18,"safety, safety car, car, virtual safety, virtual, car safety, race, deployed",0.667,33,"car, safety car, safety, virtual safety, virtual, car safety, deployed, engine",0.579,22,"safety car, safety, car, engine, car safety, deployed, cars, car deployed",0.429,22,"safety car, safety, car, virtual, virtual safety, engine, car safety, deployed",0.579
33,122,"place, seventh, sixth, position, sixth place, eighth, fifth, seventh place",14,"place, position, seventh, hamilton, fourth, sixth, fifth, ninth",0.364,1,"place, position, fourth, hamilton, sixth, norris, seventh, second",0.304,16,"fifth, sixth, fifth place, sixth position, sixth place, place, position, fifth position",0.364,3,"place, hamilton, norris, fourth, russell, verstappen, position, lewis",0.25,30,"place, position, fourth, norris, verstappen, hamilton, leclerc, second",0.25,30,"place, position, fourth, seventh, hamilton, sixth, norris, second",0.304
8,118,"flag, checkered, checkered flag, yellow, yellow flag, green, green flag, chequered flag",9,"flag, lights, green flag, checkered, checkered flag, yellow, green, yellow flag",0.429,11,"flag, lights, green flag, checkered, checkered flag, yellow, green, grand",0.429,4,"yellow, yellow flag, flag, sector, flag sector, got yellow, yellow flags, flags",0.154,0,"race, flag, racing, lap, races, laps, ve, driver",0.2,31,"flag, yellow, green, yellow flag, green flag, red flag, flag flies, flag sector",0.429,7,"flag, lights, green flag, grand, grand prix, yellow, prix, checkered flag",0.429
1,118,"penalty, time penalty, second penalty, 10 second, second time, second, causing, causing collision",7,"penalty, time penalty, second penalty, second, 10 second, second time, causing collision, causing",0.875,31,"penalty, time penalty, second penalty, second, 10 second, second time, causing collision, causing",0.875,1,"penalty, time penalty, second penalty, second time, 10 second, second, causing, causing collision",0.875,21,"penalty, time penalty, second penalty, 10 second, second, second time, causing collision, causing",0.765,7,"penalty, time penalty, second penalty, second, 10 second, second time, causing collision, causing",0.875,11,"penalty, time penalty, second penalty, second, 10 second, second time, causing collision, causing",0.875
19,115,"lead, leads, verstappen, leclerc, verstappen leads, norris, max verstappen, max",22,"verstappen, lead, leads, leclerc, norris, hamilton, second, perez",0.667,20,"lead, verstappen, leads, leclerc, norris, hamilton, verstappen leads, max verstappen",0.667,13,"second place, second, place, net second, leads leclerc, sweep, leclerc second, net",0.2,4,"verstappen, hamilton, leclerc, norris, russell, perez, sainz, inside",0.364,28,"smoke, retire, car, retire car, smoke smoke, really poor, seeing data, car smoke",0.0,28,"lead, verstappen, reaction time, leads, reaction, good reaction, norris, leclerc",0.5
26,110,"defend, fight, battle, going, defensive, perez, hamilton, verstappen",15,"going, fight, russell, place, defend, hamilton, perez, verstappen",0.579,15,"fight, defend, going, battle, verstappen, hamilton, perez, way",0.765,55,"defend, defensive, attack, defense, attack defensive, thrown lewis, norris defend, defend sainz",0.071,30,"going, fight, defend, just, got, way, really, place",0.364,32,"defend, defensive, verstappen, going, perez, try defend, defend sainz, defended",0.364,21,"going, fight, verstappen, defend, hamilton, perez, battle, leclerc",0.5
28,82,"turn, hamilton, verstappen, run turn, going, abreast, outside, way",1,"turn, turn 11, turn number, going, 11, number, hamilton, verstappen",0.429,23,"turn, turn 11, 11, going, turn number, number, hamilton, way turn",0.429,44,"turn, turn number, outside, going turn, number, outside turn, going, hamilton",0.304,24,"turn, wheel, verstappen, hamilton, going, perez, leclerc, wheel wheel",0.2,27,"turn, turn 11, turn number, number, going, 11, hamilton, outside",0.364,29,"turn, turn 11, turn number, going, number, 11, hamilton, verstappen",0.429
23,72,"racetrack, corner racetrack, norris, racetrack lando, hamilton, wheel, turn racetrack, going",3,"driver, racetrack, track, race, car, verstappen, going, racing",0.364,4,"racetrack, driver, track, race, car, racing, going, verstappen",0.304,37,"race, prix, grand prix, grand, retirement, failure, retire, formula",0.034,14,"championship, place, going, hamilton, world championship, world, second, norris",0.2,16,"slipstream, break slipstream, bit, alongside, getting, ricciardo, just trying, pull",0.0,8,"racetrack, track, race, racing, norris, going, hamilton, verstappen",0.5
22,71,"wheel, wheel wheel, going wheel, hamilton, going, verstappen, perez, turn",32,"wheel, wheel wheel, going wheel, hamilton, turn, going, perez, verstappen",0.667,2,"wheel, wheel wheel, braking, going, zone, verstappen, braking zone, road",0.364,30,"wheel, wheel wheel, going wheel, wheel turn, turn, going, hamilton, verstappen",0.667,23,"tires, tire, wheel, tyres, wheel wheel, norris, hard, verstappen",0.2,25,"wheel, wheel wheel, going wheel, hamilton, going, perez, turn, wheels",0.579,31,"wheel, braking, wheel wheel, braking zone, brakes, zone, going wheel, hamilton",0.364
25,69,"driver, drivers, australian driver, australian, past, british, british driver, ferrari",5,"reaction time, reaction, good reaction, time, slipstream, good, verstappen, lead",0.034,10,"inside, hamilton, corner, verstappen, outside, goes, perez, leclerc",0.0,8,"driver, flag, australian driver, dutch driver, checkered, checkered flag, australian, flag australian",0.2,20,"ferrari, red bull, bull, red, mclaren, mercedes, team, mclarens",0.071,11,"virtual, virtual safety, safety car, safety, car, car virtual, car deployed, car safety",0.0,33,"driver, car, cars, drivers, car length, got, length, position",0.154
17,67,"seconds, gap, hour, tenths, second, tenths second, miles hour, extra",30,"seconds, stop, gap, box overtake, box, second, norris, hour",0.429,27,"seconds, box overtake, gap, box, second, hour, verstappen, tenths",0.429,22,"seconds, stop, stop seconds, gap, second stop, second, exactly, hamilton",0.2,22,"lap, seconds, verstappen, hamilton, norris, second, got, time",0.25,0,"power unit, unit, power, hydraulics, battery, working, drain battery, drain",0.0,24,"seconds, stop, pit, gap, slow, box overtake, second, verstappen",0.25
10,62,"chicane, roggia, second chicane, della, roggia chicane, della roggia, going, chicane going",8,"chicane, roggia, roggia chicane, della, della roggia, second chicane, going, hamilton",0.875,24,"chicane, roggia, della roggia, roggia chicane, della, second chicane, going, chicane going",1.0,34,"chicane, della, della roggia, roggia chicane, roggia, chicane ahead, hamilton, going",0.364,17,"going, hamilton, norris, verstappen, leclerc, russell, sainz, lando",0.071,2,"chicane, roggia, della roggia, della, roggia chicane, second chicane, going, chicane going",0.875,26,"chicane, roggia, della roggia, della, roggia chicane, second chicane, going, chicane going",0.875
20,61,"wing, puncture, damage, damaged, got puncture, rear, got, contact",33,"wing, gravel, damage, puncture, damaged, got puncture, got, contact",0.667,30,"wing, damage, puncture, damaged, got puncture, got, contact, car",0.765,47,"wing, damage, car, damaged, contact, puncture, rear, damaged wing",0.5,11,"teammate, ferrari, haas, hamilton, mercedes, got, going, red bull",0.034,21,"wing, damage, puncture, damaged, got puncture, contact, got, rear",0.765,32,"wing, puncture, damage, damaged, got puncture, got, damaged wing, damage wing",0.875
29,60,"turn, turn 11, 11, turn 10, turn seven, turn 12, 12, going",24,"inside, going, outside, overtake, corner, got, just, way",0.034,14,"place, field, turn, hamilton, ninth, pass, norris, way",0.071,9,"eighth, eighth place, eighth position, place, improve eighth, improve, verstappen eighth, position",0.0,5,"turn, inside, going, got, outside, does, way, line",0.071,17,"rubber, fresher rubber, fresher, new rubber, going fresher, difference, new, fresh rubber",0.034,23,"hamilton, verstappen, corner, goes, perez, leclerc, inside, norris",0.071
24,60,"car, car length, length, cars, car lengths, lengths, couple car, width",23,"car, engine, cars, throttle, unit, power unit, got, just",0.154,0,"car, just, got, engine, cars, yeah, going, turn",0.154,38,"car, width, got car, car width, car ahead, chance, inside, absolutely",0.304,2,"car, driver, braking, safety car, safety, turn, wheel, verstappen",0.154,10,"reaction time, reaction, good reaction, time, good, verstappen, time lando, great reaction",0.034,14,"verstappen, hamilton, ahead, perez, norris, leclerc, sainz, russell",0.071
11,55,"thank, job, guys, mate, weekend, fantastic, unbelievable, good",2,"race, championship, races, laps, racing, won, season, driver",0.0,6,"verstappen, hamilton, perez, norris, going, past, sainz, russell",0.0,17,"thank, weekend, job, guys, mate, good, unbelievable, fantastic",0.875,27,"prix, grand, grand prix, verstappen, place grand, hamilton, lead, max verstappen",0.0,20,"thank, job, mate, weekend, guys, good, unbelievable, really",0.875,17,"race, laps, racing, championship, races, smoke, stewards, verstappen",0.0
2,54,"lights away, lights, away, away lights, start, away verstappen, away bottas, verstappen",16,"lights away, lights, away lights, away, away verstappen, away bottas, verstappen, start",0.765,33,"lights away, lights, away lights, away, verstappen, away verstappen, start, away bottas",0.875,0,"lights away, lights, away, away lights, start, away verstappen, away bottas, good start",0.765,1,"lights away, lights, away, verstappen, flag, max, thank, okay",0.154,23,"lights away, lights, away, away lights, start, away verstappen, away bottas, verstappen",0.875,19,"lights away, lights, away lights, away, away verstappen, away bottas, verstappen, start",0.765
3,47,"mirrors, mirror, checking, checks, scarlet, checking mirrors, scarlet ferrari, checking left",19,"mirrors, mirror, checking, checks, scarlet, checking mirrors, scarlet ferrari, checking left",0.875,26,"mirrors, mirror, checking, checks, scarlet, checking mirrors, scarlet ferrari, hand mirror",0.875,2,"mirrors, mirror, checking, checking mirrors, looking mirrors, looking, left mirror, driving mirrors",0.5,10,"goes, hamilton, inside, verstappen, norris, perez, leclerc, sainz",0.0,14,"mirrors, mirror, checking, scarlet, checks, checking mirrors, scarlet ferrari, checking left",0.875,0,"launch, mirrors, launch line, mirror, good launch, checking, line, checks",0.25
32,45,"place, fourth, position, second, fourth place, norris, position charles, second place",25,"inside, hamilton, verstappen, corner, going, perez, outside, goes",0.111,19,"gravel, dunk, slam dunk, elbows, slam, teammate, going, inside",0.0,14,"sitter, pole sitter, place, pole, position, russell, george russell, hamilton",0.154,8,"position, place, second, hamilton, verstappen, leclerc, norris, piastri",0.2,26,"throttle, trigger happy, happy throttle, trigger, bit trigger, squeezes throttle, just, feather throttle",0.0,25,"going, inside, place, road, outside, just, got, grass",0.111
5,43,"rain, minutes, going, rain coming, wet, rain falling, 10 minutes, track",29,"rain, smoke, stewards, retire, going, grand prix, grand, prix",0.304,8,"rain, smoke, stewards, laps, going, racing, car, retire",0.154,3,"rain, rain coming, light, minutes, 10 minutes, falling, water, rain falling",0.364,26,"turn, going, just, oh, way, turn number, rain, look",0.071,13,"rain, minutes, going, rain coming, wet, rain falling, track, 10 minutes",0.667,6,"place, turn, norris, hamilton, p6, ninth, seventh, 10",0.0
4,42,"launch, launch line, good launch, line, good, verstappen, got, max",18,"launch, launch line, good launch, line, good, verstappen, got, max",0.765,9,"launch, reaction time, reaction, launch line, good reaction, good launch, good, time",0.5,19,"reaction time, reaction, good reaction, launch, good, time, launch line, line",0.429,18,"verstappen, got, leclerc, hamilton, max, launch, lando, norris",0.304,5,"launch, launch line, good launch, line, good, verstappen, got, max",0.765,13,"slipstream, verstappen, hamilton, lead, going, got, leclerc, norris",0.2
7,36,"lights, grand prix, grand, prix, prix underway, underway, red lights, lights time",10,"teammate, inside, verstappen, ferrari, got, going, hamilton, russell",0.034,16,"race, championship, races, won, win, racing, season, drivers",0.0,25,"grand, grand prix, prix, underway, prix underway, lights, racing, green flag",0.579,12,"prix, grand, grand prix, prix underway, underway, formula, lights, racing",0.429,33,"lights, grand prix, grand, prix, prix underway, underway, red lights, lights time",0.667,1,"gravel, elbows, goes, gravel goes, magnussen, magnussen gravel, got elbows, gravel trap",0.0
