cluster_id,term,is_bigram,in_cluster,corpus_docfreq,cluster_size,expected,p_value,q_value_fdr,significant
0,200,0,6,20,205,0.536,9.768229095637311e-06,0.0022435504644553275,True
0,200 mph,1,6,17,205,0.456,3.3365127737519804e-06,0.0008749255532224354,True
0,advantage,0,8,62,205,1.662,0.00022685191514623478,0.03547963952887112,True
0,bit drs,1,6,6,205,0.161,3.454323793049797e-10,1.6265779305939434e-07,True
0,chance,0,11,105,205,2.815,0.0001078796315048054,0.019075093497409577,True
0,defensive,0,8,39,205,1.046,7.004239877890408e-06,0.001646134200711503,True
0,drs,0,202,234,205,6.273,0.0,0.0,True
0,drs enabled,1,7,7,205,0.188,8.996341248748979e-12,5.276354142391276e-09,True
0,drs getting,1,3,3,205,0.08,1.8992283865244655e-05,0.0038986410704380963,True
0,drs goes,1,3,3,205,0.08,1.8992283865244655e-05,0.0038986410704380963,True
0,drs going,1,6,6,205,0.161,3.454323793049797e-10,1.6265779305939434e-07,True
0,drs got,1,12,13,205,0.349,1.2708111327886914e-18,1.284262179855747e-15,True
0,drs ll,1,3,3,205,0.08,1.8992283865244655e-05,0.0038986410704380963,True
0,drs main,1,3,3,205,0.08,1.8992283865244655e-05,0.0038986410704380963,True
0,drs open,1,6,8,205,0.214,9.245178416896903e-09,3.7603546739883822e-06,True
0,drs range,1,3,3,205,0.08,1.8992283865244655e-05,0.0038986410704380963,True
0,drs right,1,3,3,205,0.08,1.8992283865244655e-05,0.0038986410704380963,True
0,drs time,1,5,5,205,0.134,1.3198971213243274e-08,5.238755414232775e-06,True
0,drs turn,1,3,3,205,0.08,1.8992283865244655e-05,0.0038986410704380963,True
0,drs wide,1,3,4,205,0.107,7.446346774481713e-05,0.013739764801184122,True
0,drs zone,1,15,16,205,0.429,2.488230955846384e-23,3.14320990437764e-20,True
0,enabled,0,7,8,205,0.214,7.033867122418475e-11,3.6963253082993985e-08,True
0,extra,0,10,28,205,0.751,1.3271303569509154e-09,5.930376795060663e-07,True
0,extra pace,1,4,6,205,0.161,7.215017595482552e-06,0.0016926431279002067,True
0,going drs,1,7,8,205,0.214,7.033867122418475e-11,3.6963253082993985e-08,True
0,got,0,57,668,205,17.908,5.712659056796573e-16,5.036955008360446e-13,True
0,got drs,1,34,37,205,0.992,1.568276958103895e-51,4.292374034330361e-48,True
0,help,0,5,11,205,0.295,5.343184280786606e-06,0.0013071995867274138,True
0,helping,0,5,9,205,0.241,1.5227737760774211e-06,0.00042838528395277794,True
0,line drs,1,3,3,205,0.08,1.8992283865244655e-05,0.0038986410704380963,True
0,ll,0,16,172,205,4.611,1.3553455036795396e-05,0.002943138361841375,True
0,ll drs,1,5,5,205,0.134,1.3198971213243274e-08,5.238755414232775e-06,True
0,main,0,7,42,205,1.126,0.00010915576124876408,0.019223119691444544,True
0,main straight,1,7,33,205,0.885,2.121132350998157e-05,0.004333839560571289,True
0,mph,0,6,24,205,0.643,3.100831537865289e-05,0.006200530351881129,True
0,open,0,14,39,205,1.046,5.316179209659413e-13,3.581632614606231e-10,True
0,range,0,3,5,205,0.134,0.00018247369389891866,0.02992841948772077,True
0,rear wing,1,6,16,205,0.429,2.208026889898749e-06,0.0006043369597652876,True
0,right drs,1,3,3,205,0.08,1.8992283865244655e-05,0.0038986410704380963,True
0,second drs,1,5,5,205,0.134,1.3198971213243274e-08,5.238755414232775e-06,True
0,slipstream,0,11,80,205,2.145,8.148109183883437e-06,0.001904743758259556,True
0,slipstream drs,1,5,5,205,0.134,1.3198971213243274e-08,5.238755414232775e-06,True
0,speed,0,15,91,205,2.44,1.4485862186625193e-08,5.680879494418123e-06,True
0,speed advantage,1,3,4,205,0.107,7.446346774481713e-05,0.013739764801184122,True
0,speed drs,1,3,4,205,0.107,7.446346774481713e-05,0.013739764801184122,True
0,straight,0,18,146,205,3.914,5.634026279931092e-08,2.0223383512355932e-05,True
0,straight drs,1,3,3,205,0.08,1.8992283865244655e-05,0.0038986410704380963,True
0,wing open,1,3,3,205,0.08,1.8992283865244655e-05,0.0038986410704380963,True
0,zone,0,17,51,205,1.367,6.5084549869857784e-15,5.310899269380395e-12,True
1,10,0,28,98,118,1.512,6.985615690985131e-29,1.0925502940700746e-25,True
1,10 second,1,27,29,118,0.447,2.0130350498347347e-48,5.185578288374277e-45,True
1,advantage,0,11,62,118,0.957,1.9331868337071805e-09,8.409746803480614e-07,True
1,causing,0,20,23,118,0.355,1.8597310812106549e-34,3.3469045277415206e-31,True
1,causing collision,1,19,19,118,0.293,8.395579530041334e-36,1.59851834251987e-32,True
1,collision,0,21,25,118,0.386,1.6866068058445042e-35,3.120840221473628e-32,True
1,driver track,1,5,5,118,0.077,8.03972397232534e-10,3.6674540853757427e-07,True
1,forcing,0,11,19,118,0.293,5.01430795082952e-16,4.451079198298507e-13,True
1,forcing driver,1,6,7,118,0.108,8.217120069007293e-11,4.232456643366798e-08,True
1,gaining,0,8,33,118,0.509,2.5476552288721996e-08,9.673432177696938e-06,True
1,gaining advantage,1,8,11,118,0.17,4.018929377098735e-13,2.7643500829619026e-10,True
1,gets second,1,3,6,118,0.093,6.925932971174835e-05,0.012888121388400356,True
1,given,0,13,49,118,0.756,2.3651405720893754e-13,1.6795822043179121e-10,True
1,given 10,1,5,5,118,0.077,8.03972397232534e-10,3.6674540853757427e-07,True
1,given second,1,8,8,118,0.123,2.531686884375588e-15,2.118489784214823e-12,True
1,got penalty,1,4,5,118,0.077,2.662911732202039e-07,8.491327469169298e-05,True
1,got second,1,10,14,118,0.216,4.945026495737952e-16,4.4194408224766607e-13,True
1,leaving,0,8,14,118,0.216,7.037209733014189e-12,4.145831685580592e-09,True
1,leaving track,1,8,11,118,0.17,4.018929377098735e-13,2.7643500829619026e-10,True
1,penalty,0,107,111,118,1.713,4.3090580962817013e-222,9.435113607618412e-218,True
1,penalty causing,1,19,19,118,0.293,8.395579530041334e-36,1.59851834251987e-32,True
1,penalty forcing,1,9,9,118,0.139,3.645576086939581e-17,3.421008599984103e-14,True
1,penalty hanging,1,3,3,118,0.046,3.582803457587863e-06,0.0009211240450960139,True
1,penalty leaving,1,6,6,118,0.093,1.1888102707050032e-11,6.85004991772546e-09,True
1,penalty speeding,1,5,5,118,0.077,8.03972397232534e-10,3.6674540853757427e-07,True
1,penalty unsafe,1,3,3,118,0.046,3.582803457587863e-06,0.0009211240450960139,True
1,release,0,8,12,118,0.185,1.1902484248780518e-12,7.857792817426078e-10,True
1,risk penalty,1,3,3,118,0.046,3.582803457587863e-06,0.0009211240450960139,True
1,second,0,83,566,118,8.734,4.649299476250304e-68,1.9087698999745622e-64,True
1,second penalty,1,39,40,118,0.617,7.992273600740579e-73,3.6206652985203253e-69,True
1,second time,1,41,63,118,0.972,9.105283686544096e-62,3.0672198707779928e-58,True
1,speeding,0,5,7,118,0.108,1.646995054278465e-08,6.439750662228798e-06,True
1,speeding pit,1,5,5,118,0.077,8.03972397232534e-10,3.6674540853757427e-07,True
1,time,0,45,484,118,7.469,1.961514598789298e-24,2.5019023488402215e-21,True
1,time penalty,1,43,44,118,0.679,9.474632608801935e-81,4.978957334455852e-77,True
1,track,0,23,192,118,2.963,9.30098579611743e-15,7.405613999701354e-12,True
1,track gaining,1,8,11,118,0.17,4.018929377098735e-13,2.7643500829619026e-10,True
1,unsafe,0,7,9,118,0.139,6.114634043252299e-12,3.6185412705689823e-09,True
1,unsafe release,1,7,7,118,0.108,1.7425304321287832e-13,1.2647882765268013e-10,True
2,away,0,41,194,54,1.37,3.7779529760634417e-56,1.078983369963719e-52,True
2,away ahead,1,3,4,54,0.028,1.3251085570329306e-06,0.0003776300689560917,True
2,away comes,1,2,3,54,0.021,0.00014618125626815142,0.02443347165837743,True
2,away gets,1,6,7,54,0.049,6.487360881147077e-13,4.326312300109535e-10,True
2,away getting,1,4,5,54,0.035,1.104868857322297e-08,4.452553711643377e-06,True
2,better,0,5,78,54,0.551,0.00020762032311651634,0.033550218412983335,True
2,better start,1,3,8,54,0.056,1.8183187496220507e-05,0.0037978289992105967,True
2,gets away,1,3,14,54,0.099,0.00011469234710388791,0.020036997065319653,True
2,gets better,1,2,4,54,0.028,0.00029103740397926986,0.04471968419319363,True
2,getting away,1,3,7,54,0.049,1.1421592032052388e-05,0.002605074782643949,True
2,lights,0,45,105,54,0.741,1.2837403509069726e-79,6.48664124387517e-76,True
2,lights away,1,41,56,54,0.395,3.913882098276145e-85,2.337228066105122e-81,True
2,lights lights,1,3,3,54,0.021,3.329431617512975e-07,0.00010414462099580587,True
2,reaction,0,4,42,54,0.297,0.00020377598280043566,0.03296954866550497,True
2,start,0,11,205,54,1.448,1.370653572208984e-07,4.593647543431823e-05,True
2,start good,1,3,4,54,0.028,1.3251085570329306e-06,0.0003776300689560917,True
3,check,0,3,15,47,0.092,9.4026950642819e-05,0.01687552550225545,True
3,checking,0,11,16,47,0.098,5.724423045985567e-22,6.655325682207079e-19,True
3,checking left,1,5,6,47,0.037,4.209781518344629e-11,2.26665678997559e-08,True
3,checking mirrors,1,6,6,47,0.037,3.873862314764348e-14,2.9762136576870235e-11,True
3,checks,0,8,10,47,0.061,4.8529535625019025e-17,4.489870614276408e-14,True
3,checks mirror,1,3,4,47,0.025,8.66854812632244e-07,0.0002491989449986295,True
3,checks mirrors,1,3,3,47,0.018,2.1765333687297566e-07,7.095390765514653e-05,True
3,doesn need,1,2,3,47,0.018,0.00011049534401918067,0.019432980342521926,True
3,driving mirrors,1,3,4,47,0.025,8.66854812632244e-07,0.0002491989449986295,True
3,hand,0,5,64,47,0.393,4.0998531395724966e-05,0.007991428873360183,True
3,hand mirror,1,5,6,47,0.037,4.209781518344629e-11,2.26665678997559e-08,True
3,having look,1,2,4,47,0.025,0.0002201238332257291,0.03520456926372036,True
3,left,0,10,132,47,0.811,5.020738601732565e-09,2.1141171619910816e-06,True
3,left hand,1,5,37,47,0.227,2.6528396490195897e-06,0.0007156457119704264,True
3,left mirror,1,4,4,47,0.025,1.2528449532196404e-09,5.617534422327081e-07,True
3,looking,0,8,122,47,0.75,6.228443953239511e-07,0.00018388046130354924,True
3,looking mirrors,1,4,4,47,0.025,1.2528449532196404e-09,5.617534422327081e-07,True
3,mirror,0,18,24,47,0.148,4.916019857261533e-37,9.785560981327138e-34,True
3,mirrors,0,22,25,47,0.154,1.432135924619428e-48,3.839761004751061e-45,True
3,rival title,1,2,4,47,0.025,0.0002201238332257291,0.03520456926372036,True
3,scarlet,0,9,14,47,0.086,1.0876529971307716e-17,1.066354478739196e-14,True
3,sees,0,4,22,47,0.135,8.450298191988534e-06,0.001971876332629992,True
3,trying retake,1,2,4,47,0.025,0.0002201238332257291,0.03520456926372036,True
4,chop,0,3,10,42,0.055,1.8002036483094508e-05,0.0037840568720048386,True
4,chops,0,3,9,42,0.049,1.2649786079222804e-05,0.0028408175999042307,True
4,gets launch,1,3,5,42,0.027,1.5291865165733828e-06,0.0004292701021396255,True
4,good,0,15,215,42,1.181,1.6810494858170068e-13,1.2269419847149726e-10,True
4,good launch,1,13,17,42,0.093,1.2320400544452285e-27,1.798449935475515e-24,True
4,got,0,13,668,42,3.669,3.605240787901284e-05,0.007111743449719506,True
4,got good,1,4,11,42,0.06,2.5230990257982103e-07,8.104514856070065e-05,True
4,got launch,1,3,4,42,0.022,6.140238315501128e-07,0.0001820947965998366,True
4,great launch,1,2,4,42,0.022,0.0001754787338723714,0.02896192731308626,True
4,initial launch,1,2,3,42,0.016,8.804637885196075e-05,0.015981754402115002,True
4,launch,0,38,59,42,0.324,8.816107040459043e-83,5.0357603415102055e-79,True
4,launch line,1,19,23,42,0.126,7.957505955011493e-42,1.8340794777992807e-38,True
4,line,0,23,345,42,1.895,1.11502065496168e-20,1.2106359798863278e-17,True
4,pole sitter,1,3,9,42,0.049,1.2649786079222804e-05,0.0028408175999042307,True
4,sitter,0,3,9,42,0.049,1.2649786079222804e-05,0.0028408175999042307,True
5,10 minutes,1,2,4,43,0.022,0.00018400647647072845,0.030104651124306873,True
5,30,0,2,5,43,0.028,0.00030558175960590885,0.04673586641441896,True
5,class,0,2,3,43,0.017,9.233324353838993e-05,0.01660573135082257,True
5,expected,0,3,14,43,0.079,5.7746973566270894e-05,0.010931651872107212,True
5,extraordinary,0,3,16,43,0.09,8.814680094813818e-05,0.015981754402115002,True
5,falling,0,3,7,43,0.039,5.707385082657329e-06,0.0013859767516066345,True
5,lasting,0,2,3,43,0.017,9.233324353838993e-05,0.01660573135082257,True
5,light,0,3,13,43,0.073,4.555110861171706e-05,0.008839471853726646,True
5,minutes,0,4,9,43,0.051,1.070107080457516e-07,3.63272319902291e-05,True
5,rain,0,32,42,43,0.236,1.253534829152077e-70,5.4894797238227754e-67,True
5,rain coming,1,4,5,43,0.028,4.3164981136147456e-09,1.8293040521750026e-06,True
5,rain falling,1,3,3,43,0.017,1.6565278016339152e-07,5.5376080526070546e-05,True
5,temperature,0,3,19,43,0.107,0.00015074066091212295,0.025163538841157643,True
5,track,0,7,192,43,1.08,8.445500638500863e-05,0.015431656354432399,True
5,wet,0,5,16,43,0.09,1.8458025594740852e-08,7.174383344777143e-06,True
6,10th grid,1,3,3,465,0.182,0.00022348534561824672,0.03520456926372036,True
6,abu,0,5,6,465,0.365,4.64310477550219e-06,0.0011552888882317724,True
6,abu dhabi,1,5,6,465,0.365,4.64310477550219e-06,0.0011552888882317724,True
6,arabian,0,8,8,465,0.486,1.7660086133557995e-10,8.624949724469573e-08,True
6,arabian grand,1,8,8,465,0.486,1.7660086133557995e-10,8.624949724469573e-08,True
6,australian,0,11,12,465,0.73,4.263721217258307e-13,2.8873744259717905e-10,True
6,australian grand,1,11,12,465,0.73,4.263721217258307e-13,2.8873744259717905e-10,True
6,austrian,0,8,11,465,0.669,2.473577770376605e-08,9.419384149594112e-06,True
6,austrian grand,1,8,11,465,0.669,2.473577770376605e-08,9.419384149594112e-06,True
6,azerbaijan,0,7,8,465,0.486,2.2331140356744057e-08,8.603448373922602e-06,True
6,azerbaijan grand,1,7,8,465,0.486,2.2331140356744057e-08,8.603448373922602e-06,True
6,belgian,0,11,13,465,0.791,2.6204174923566218e-12,1.6630916351490026e-09,True
6,belgian grand,1,11,13,465,0.791,2.6204174923566218e-12,1.6630916351490026e-09,True
6,british,0,20,22,465,1.338,6.668130120172779e-23,8.111409839516843e-20,True
6,british grand,1,20,22,465,1.338,6.668130120172779e-23,8.111409839516843e-20,True
6,canadian,0,8,10,465,0.608,7.124539932646618e-09,2.941968529710007e-06,True
6,canadian grand,1,8,10,465,0.608,7.124539932646618e-09,2.941968529710007e-06,True
6,chinese,0,4,5,465,0.304,6.427790750158071e-05,0.012028742801577914,True
6,chinese grand,1,4,5,465,0.304,6.427790750158071e-05,0.012028742801577914,True
6,dhabi,0,5,6,465,0.365,4.64310477550219e-06,0.0011552888882317724,True
6,dhabi grand,1,5,6,465,0.365,4.64310477550219e-06,0.0011552888882317724,True
6,dutch,0,12,12,465,0.73,2.2342729894910666e-15,1.8816015914575536e-12,True
6,dutch grand,1,12,12,465,0.73,2.2342729894910666e-15,1.8816015914575536e-12,True
6,emilia,0,4,4,465,0.243,1.350735605385008e-05,0.0029379841207460397,True
6,emilia romagna,1,4,4,465,0.243,1.350735605385008e-05,0.0029379841207460397,True
6,end grand,1,6,9,465,0.547,3.515901083112447e-06,0.0009201295232967746,True
6,ends,0,5,8,465,0.486,3.9105825384954265e-05,0.007668010322050375,True
6,fifth grand,1,3,3,465,0.182,0.00022348534561824672,0.03520456926372036,True
6,final,0,18,108,465,6.567,7.84042313851838e-05,0.014446611924908705,True
6,final grand,1,3,3,465,0.182,0.00022348534561824672,0.03520456926372036,True
6,formula grand,1,6,6,465,0.365,4.904087520047315e-08,1.7847074848579944e-05,True
6,grand,0,445,516,465,31.377,0.0,0.0,True
6,grand prix,1,445,516,465,31.377,0.0,0.0,True
6,grands,0,10,12,465,0.73,3.7242935648684284e-11,2.0302190513616374e-08,True
6,grands prix,1,10,12,465,0.73,3.7242935648684284e-11,2.0302190513616374e-08,True
6,grid,0,13,62,465,3.77,6.997270688772273e-05,0.013002453097710694,True
6,home,0,16,90,465,5.473,8.825407275520565e-05,0.015981754402115002,True
6,hungarian,0,7,9,465,0.547,9.52230265208819e-08,3.278924365381073e-05,True
6,hungarian grand,1,7,9,465,0.547,9.52230265208819e-08,3.278924365381073e-05,True
6,italian,0,11,13,465,0.791,2.6204174923566218e-12,1.6630916351490026e-09,True
6,italian grand,1,11,13,465,0.791,2.6204174923566218e-12,1.6630916351490026e-09,True
6,japanese,0,7,9,465,0.547,9.52230265208819e-08,3.278924365381073e-05,True
6,japanese grand,1,7,9,465,0.547,9.52230265208819e-08,3.278924365381073e-05,True
6,lap grand,1,9,9,465,0.547,1.0565073128728895e-11,6.1688757660439445e-09,True
6,lead,0,57,325,465,19.763,1.28737644710439e-13,9.448623917027171e-11,True
6,lead british,1,4,4,465,0.243,1.350735605385008e-05,0.0029379841207460397,True
6,lead grand,1,28,29,465,1.763,1.1216801505979731e-33,1.9389717298020964e-30,True
6,lead saudi,1,3,3,465,0.182,0.00022348534561824672,0.03520456926372036,True
6,leading grand,1,3,3,465,0.182,0.00022348534561824672,0.03520456926372036,True
6,leads,0,16,98,465,5.959,0.00024831026564526963,0.03851476913744149,True
6,leads grand,1,5,5,465,0.304,8.14718191917426e-07,0.0002362790666254829,True
6,line wins,1,4,4,465,0.243,1.350735605385008e-05,0.0029379841207460397,True
6,meters grand,1,3,3,465,0.182,0.00022348534561824672,0.03520456926372036,True
6,moment grand,1,4,5,465,0.304,6.427790750158071e-05,0.012028742801577914,True
6,opening,0,11,52,465,3.162,0.00023167442835803008,0.03610493440090695,True
6,place grand,1,15,16,465,0.973,7.009989534600305e-18,6.924393872914659e-15,True
6,position grand,1,4,4,465,0.243,1.350735605385008e-05,0.0029379841207460397,True
6,prix,0,454,527,465,32.046,0.0,0.0,True
6,prix comes,1,5,5,465,0.304,8.14718191917426e-07,0.0002362790666254829,True
6,prix going,1,6,7,465,0.426,3.256106166137423e-07,0.00010209408202445587,True
6,prix got,1,3,3,465,0.182,0.00022348534561824672,0.03520456926372036,True
6,prix grand,1,4,4,465,0.243,1.350735605385008e-05,0.0029379841207460397,True
6,prix lights,1,4,5,465,0.304,6.427790750158071e-05,0.012028742801577914,True
6,prix row,1,4,5,465,0.304,6.427790750158071e-05,0.012028742801577914,True
6,prix second,1,5,6,465,0.365,4.64310477550219e-06,0.0011552888882317724,True
6,prix time,1,4,4,465,0.243,1.350735605385008e-05,0.0029379841207460397,True
6,prix underway,1,17,32,465,1.946,3.8694866997358463e-13,2.7040302375771095e-10,True
6,prix victories,1,5,6,465,0.365,4.64310477550219e-06,0.0011552888882317724,True
6,prix victory,1,11,11,465,0.669,3.757909371751935e-14,2.904112362489895e-11,True
6,prix win,1,8,9,465,0.547,1.5048871669903879e-09,6.67925866386923e-07,True
6,prix winner,1,8,8,465,0.486,1.7660086133557995e-10,8.624949724469573e-08,True
6,prix year,1,7,11,465,0.669,7.83874334225344e-07,0.00022884949896264178,True
6,retirement,0,6,16,465,0.973,0.0002320698918004152,0.03612371339475278,True
6,retirement grand,1,4,4,465,0.243,1.350735605385008e-05,0.0029379841207460397,True
6,romagna,0,4,4,465,0.243,1.350735605385008e-05,0.0029379841207460397,True
6,romagna grand,1,4,4,465,0.243,1.350735605385008e-05,0.0029379841207460397,True
6,row,0,14,46,465,2.797,3.0792498674676807e-07,9.67797920068024e-05,True
6,saudi,0,11,12,465,0.73,4.263721217258307e-13,2.8873744259717905e-10,True
6,saudi arabian,1,8,8,465,0.486,1.7660086133557995e-10,8.624949724469573e-08,True
6,saudi grand,1,3,3,465,0.182,0.00022348534561824672,0.03520456926372036,True
6,second grand,1,5,7,465,0.426,1.5436840172723303e-05,0.003271016636341446,True
6,seventh grand,1,3,3,465,0.182,0.00022348534561824672,0.03520456926372036,True
6,spanish,0,8,13,465,0.791,1.730050384991892e-07,5.739573216633707e-05,True
6,spanish grand,1,8,13,465,0.791,1.730050384991892e-07,5.739573216633707e-05,True
6,start grand,1,8,11,465,0.669,2.473577770376605e-08,9.419384149594112e-06,True
6,started,0,13,60,465,3.648,4.8662944637926904e-05,0.009429414476035819,True
6,started grand,1,6,6,465,0.365,4.904087520047315e-08,1.7847074848579944e-05,True
6,stop grand,1,3,3,465,0.182,0.00022348534561824672,0.03520456926372036,True
6,takes,0,33,158,465,9.608,2.3000458116817433e-10,1.0988029765654571e-07,True
6,takes lead,1,14,36,465,2.189,8.571824848250664e-09,3.508199567799935e-06,True
6,time wins,1,5,6,465,0.365,4.64310477550219e-06,0.0011552888882317724,True
6,underway,0,18,47,465,2.858,8.247388417229176e-11,4.232456643366798e-08,True
6,victories,0,11,17,465,1.034,3.323548004517828e-10,1.5762976268647444e-07,True
6,victories row,1,4,5,465,0.304,6.427790750158071e-05,0.012028742801577914,True
6,victory,0,25,85,465,5.169,1.514828236012094e-11,8.65269888410108e-09,True
6,win,0,42,148,465,9.0,5.7839332351876574e-18,5.756591005348589e-15,True
6,win grand,1,10,10,465,0.608,6.307506345509786e-13,4.2278313961617025e-10,True
6,winner,0,17,43,465,2.615,1.5394087056635463e-10,7.689785479667454e-08,True
6,winner australian,1,3,3,465,0.182,0.00022348534561824672,0.03520456926372036,True
6,winning,0,6,15,465,0.912,0.00015283764808259653,0.02535252380618586,True
6,wins,0,88,123,465,7.479,2.6008637852995223e-81,1.4237128360729585e-77,True
6,wins abu,1,4,4,465,0.243,1.350735605385008e-05,0.0029379841207460397,True
6,wins australian,1,4,4,465,0.243,1.350735605385008e-05,0.0029379841207460397,True
6,wins austrian,1,4,4,465,0.243,1.350735605385008e-05,0.0029379841207460397,True
6,wins azerbaijan,1,4,4,465,0.243,1.350735605385008e-05,0.0029379841207460397,True
6,wins belgian,1,4,4,465,0.243,1.350735605385008e-05,0.0029379841207460397,True
6,wins british,1,4,4,465,0.243,1.350735605385008e-05,0.0029379841207460397,True
6,wins canadian,1,3,3,465,0.182,0.00022348534561824672,0.03520456926372036,True
6,wins dutch,1,3,3,465,0.182,0.00022348534561824672,0.03520456926372036,True
6,wins emilia,1,3,3,465,0.182,0.00022348534561824672,0.03520456926372036,True
6,wins grand,1,32,34,465,2.067,2.190825743846994e-37,4.497217545681917e-34,True
6,wins italian,1,3,3,465,0.182,0.00022348534561824672,0.03520456926372036,True
6,wins japanese,1,3,3,465,0.182,0.00022348534561824672,0.03520456926372036,True
6,won grand,1,4,4,465,0.243,1.350735605385008e-05,0.0029379841207460397,True
6,year,0,20,107,465,6.506,5.392685851444166e-06,0.001316857800035927,True
7,away,0,10,194,36,0.913,1.2547339321518939e-08,5.041037463926214e-06,True
7,away formula,1,3,3,36,0.014,9.58399522215878e-08,3.278924365381073e-05,True
7,begins,0,5,9,36,0.042,2.1533469218585103e-10,1.0324748365185534e-07,True
7,begins lights,1,3,3,36,0.014,9.58399522215878e-08,3.278924365381073e-05,True
7,begins red,1,2,3,36,0.014,6.445800551326614e-05,0.012028742801577914,True
7,come lights,1,4,8,36,0.038,2.8576548363341423e-08,1.07881397062711e-05,True
7,flag,0,8,132,36,0.621,1.2842204140803136e-07,4.3149805913098534e-05,True
7,flag come,1,2,4,36,0.019,0.00012853389247291408,0.02173264949487974,True
7,formula goes,1,2,4,36,0.019,0.00012853389247291408,0.02173264949487974,True
7,grand,0,25,516,36,2.429,9.175997346553227e-22,1.030346861026305e-18,True
7,grand prix,1,25,516,36,2.429,9.175997346553227e-22,1.030346861026305e-18,True
7,green,0,7,48,36,0.226,1.7720989069480082e-09,7.786329966528479e-07,True
7,green flag,1,7,26,36,0.122,1.7036406153200745e-11,9.564849977704705e-09,True
7,lights,0,34,105,36,0.494,7.744030555905868e-64,2.749675022466728e-60,True
7,lights away,1,10,56,36,0.264,4.188327199429522e-14,3.1991027566991444e-11,True
7,lights grand,1,2,3,36,0.014,6.445800551326614e-05,0.012028742801577914,True
7,lights time,1,8,9,36,0.042,9.394670077193953e-19,9.567706791173897e-16,True
7,prix,0,25,527,36,2.481,1.548988549702379e-21,1.724575590726269e-18,True
7,prix underway,1,15,32,36,0.151,2.235158962216871e-28,3.3368891343204963e-25,True
7,racing,0,8,144,36,0.678,2.5219777705701297e-07,8.104514856070065e-05,True
7,racing lights,1,4,4,36,0.019,4.137517560586601e-10,1.9344146157993783e-07,True
7,red,0,12,38,36,0.179,3.7966146378109685e-20,4.0224519730407565e-17,True
7,red lights,1,12,13,36,0.061,1.9605050513015202e-28,2.960497834710213e-25,True
7,time,0,10,484,36,2.279,5.3496083930214e-05,0.010245045951043433,True
7,time grand,1,3,6,36,0.028,1.8982425083485603e-06,0.0005247244703962908,True
7,underway,0,16,47,36,0.221,1.5815780148983833e-27,2.283312014124066e-24,True
8,black,0,4,4,118,0.062,5.3901412561826796e-08,1.9400964319787827e-05,True
8,checkered,0,26,32,118,0.494,3.551021516371326e-43,8.48216368608726e-40,True
8,checkered flag,1,26,32,118,0.494,3.551021516371326e-43,8.48216368608726e-40,True
8,chequered,0,15,16,118,0.247,4.237346421214184e-27,5.8598486677203645e-24,True
8,chequered flag,1,15,16,118,0.247,4.237346421214184e-27,5.8598486677203645e-24,True
8,driver,0,15,207,118,3.194,5.718529561447497e-07,0.0001703577187448359,True
8,driver checkered,1,3,3,118,0.046,3.582803457587863e-06,0.0009211240450960139,True
8,driver look,1,3,3,118,0.046,3.582803457587863e-06,0.0009211240450960139,True
8,flag,0,100,132,118,2.037,2.648539777740515e-179,2.4853897274316994e-175,True
8,flag flies,1,6,6,118,0.093,1.1888102707050032e-11,6.85004991772546e-09,True
8,flag fly,1,4,4,118,0.062,5.3901412561826796e-08,1.9400964319787827e-05,True
8,flag flying,1,3,3,118,0.046,3.582803457587863e-06,0.0009211240450960139,True
8,flag sector,1,6,7,118,0.108,8.217120069007293e-11,4.232456643366798e-08,True
8,flag wins,1,3,3,118,0.046,3.582803457587863e-06,0.0009211240450960139,True
8,flags,0,6,10,118,0.154,2.3734114717985203e-09,1.0290736155742654e-06,True
8,flies,0,6,7,118,0.108,8.217120069007293e-11,4.232456643366798e-08,True
8,fly,0,4,6,118,0.093,7.893447319208916e-07,0.00022993559534554116,True
8,going green,1,3,4,118,0.062,1.4169509592665965e-05,0.0030170721106095363,True
8,got yellow,1,6,7,118,0.108,8.217120069007293e-11,4.232456643366798e-08,True
8,green,0,25,48,118,0.741,8.12717927649353e-34,1.4236217395048187e-30,True
8,green flag,1,17,26,118,0.401,1.3499537468997183e-25,1.791429529825226e-22,True
8,nation,0,14,127,118,1.96,7.1435266789785975e-09,2.941968529710007e-06,True
8,nation driver,1,13,75,118,1.157,8.156131357232425e-11,4.232456643366798e-08,True
8,racing,0,11,144,118,2.222,1.2294522736630784e-05,0.0027752666993945117,True
8,red,0,12,38,118,0.586,1.995603442932655e-13,1.4405186698830796e-10,True
8,red flag,1,10,19,118,0.293,4.277634517603853e-14,3.248430707426149e-11,True
8,sector,0,8,28,118,0.432,6.082196565540875e-09,2.536681447601581e-06,True
8,sees,0,9,22,118,0.339,1.5328955577545628e-11,8.71799509937504e-09,True
8,sees checkered,1,6,6,118,0.093,1.1888102707050032e-11,6.85004991772546e-09,True
8,sees chequered,1,3,3,118,0.046,3.582803457587863e-06,0.0009211240450960139,True
8,waved,0,3,4,118,0.062,1.4169509592665965e-05,0.0030170721106095363,True
8,yellow,0,24,31,118,0.478,6.758742723523548e-39,1.4556337443370977e-35,True
8,yellow flag,1,18,21,118,0.324,8.205177498799505e-31,1.330819011212696e-27,True
8,yellow flags,1,3,5,118,0.077,3.502433722183461e-05,0.006929755010324916,True
9,2023,0,3,7,134,0.123,0.00017492362089288786,0.028906623419401305,True
9,2025,0,6,16,134,0.28,1.7947675655300142e-07,5.909508363134615e-05,True
9,best,0,7,73,134,1.279,0.00026988758153546015,0.04156711712989756,True
9,best formula,1,4,4,134,0.07,9.019409685700696e-08,3.1514201246505703e-05,True
9,career,0,9,34,134,0.596,4.305878733055161e-09,1.8293040521750026e-06,True
9,champion,0,10,75,134,1.314,6.139985559599058e-07,0.0001820947965998366,True
9,champion formula,1,3,3,134,0.053,5.2629288272897815e-06,0.001292378574979481,True
9,championship,0,18,170,134,2.979,7.043131224660027e-10,3.2580929851089287e-07,True
9,driving,0,5,31,134,0.543,0.00018060500656168522,0.02967720827243168,True
9,formula,0,128,176,134,3.084,2.6261629765894796e-228,6.90029574424839e-224,True
9,formula 2022,1,3,3,134,0.053,5.2629288272897815e-06,0.001292378574979481,True
9,formula 2025,1,4,4,134,0.07,9.019409685700696e-08,3.1514201246505703e-05,True
9,formula career,1,7,8,134,0.14,3.4200052202612387e-12,2.139555265795431e-09,True
9,formula champion,1,3,3,134,0.053,5.2629288272897815e-06,0.001292378574979481,True
9,formula podium,1,4,4,134,0.07,9.019409685700696e-08,3.1514201246505703e-05,True
9,formula returns,1,3,3,134,0.053,5.2629288272897815e-06,0.001292378574979481,True
9,formula world,1,13,15,134,0.263,8.292276885178547e-22,9.473097113627972e-19,True
9,personal,0,4,7,134,0.123,3.0297318973067047e-06,0.0008041591552545788,True
9,personal best,1,3,5,134,0.088,5.128558150348488e-05,0.009864852936459487,True
9,podium,0,24,185,134,3.242,7.399096436734935e-15,5.963580941549011e-12,True
9,podium formula,1,9,11,134,0.193,6.350658529958364e-15,5.214525718948813e-12,True
9,returns,0,4,6,134,0.105,1.3163516836166817e-06,0.0003767691041107302,True
9,season,0,11,122,134,2.138,8.502824577310531e-06,0.001980615393029696,True
9,sport,0,3,5,134,0.088,5.128558150348488e-05,0.009864852936459487,True
9,stand,0,4,17,134,0.298,0.00017973175008668797,0.029626647928969532,True
9,time,0,26,484,134,8.481,2.1305676517403999e-07,6.962822283956388e-05,True
9,time formula,1,12,20,134,0.35,5.694376147610613e-17,5.2314990263530904e-14,True
9,time year,1,3,6,134,0.105,0.00010125481132335308,0.017976286611374098,True
9,victory,0,9,85,134,1.489,1.5884885881286177e-05,0.0033497476204492017,True
9,victory formula,1,3,6,134,0.105,0.00010125481132335308,0.017976286611374098,True
9,welcome,0,4,7,134,0.123,3.0297318973067047e-06,0.0008041591552545788,True
9,welcome formula,1,3,3,134,0.053,5.2629288272897815e-06,0.001292378574979481,True
9,win,0,11,148,134,2.593,5.258346508123696e-05,0.010084971253303047,True
9,win formula,1,3,4,134,0.07,2.0781133018588098e-05,0.004259192092745757,True
9,world,0,18,145,134,2.541,4.905973029621479e-11,2.6307229091410263e-08,True
9,world championship,1,14,72,134,1.262,1.6326631400227453e-11,9.205697540069879e-09,True
10,bold,0,3,12,62,0.097,0.00010600496385734157,0.018768878883722515,True
10,braking,0,6,84,62,0.681,5.516850352770268e-05,0.010473724450080154,True
10,chicane,0,60,91,62,0.738,3.805996918773695e-124,3.125104070005081e-120,True
10,chicane going,1,2,3,62,0.024,0.000193036361918211,0.03146444799425172,True
10,goes chicane,1,3,3,62,0.024,5.076564415995029e-07,0.00015296759787058784,True
10,going chicane,1,6,7,62,0.057,1.5427460070349992e-12,1.0033653436645052e-09,True
10,make chicane,1,2,3,62,0.024,0.000193036361918211,0.03146444799425172,True
10,second chicane,1,7,9,62,0.073,5.778097373598779e-14,4.313087048601779e-11,True
11,amazing,0,8,24,55,0.173,2.8387025290009937e-12,1.7929681896636277e-09,True
11,awesome,0,3,3,55,0.022,3.521514210831031e-07,0.00010836201170749239,True
11,beautiful,0,3,10,55,0.072,4.077290136464642e-05,0.007959258082736684,True
11,champions,0,3,13,55,0.094,9.569843062431231e-05,0.01715208324924919,True
11,congrats,0,2,3,55,0.022,0.00015168424135672003,0.025193007449406387,True
11,deserve,0,3,3,55,0.022,3.521514210831031e-07,0.00010836201170749239,True
11,difficult,0,4,24,55,0.173,2.28740101234719e-05,0.00463034815713597,True
11,drive,0,8,73,55,0.525,3.963680665418443e-08,1.4605877630631642e-05,True
11,executed,0,2,3,55,0.022,0.00015168424135672003,0.025193007449406387,True
11,fantastic,0,7,15,55,0.108,4.1297272760099104e-12,2.5591842010050848e-09,True
11,good,0,10,215,55,1.546,2.4217703675043527e-06,0.0006587215399611839,True
11,good job,1,4,7,55,0.05,8.251012629610775e-08,2.9139382667412504e-05,True
11,good weekend,1,2,3,55,0.022,0.00015168424135672003,0.025193007449406387,True
11,great,0,9,133,55,0.957,3.5867055695109187e-07,0.00011009510067758562,True
11,great job,1,4,6,55,0.043,3.555121924518103e-08,1.3231096259362332e-05,True
11,guys,0,14,49,55,0.352,9.300050527266124e-20,9.696852683096144e-17,True
11,job,0,14,36,55,0.259,5.582607384070424e-22,6.548398461514608e-19,True
11,job guys,1,3,3,55,0.022,3.521514210831031e-07,0.00010836201170749239,True
11,job mate,1,3,3,55,0.022,3.521514210831031e-07,0.00010836201170749239,True
11,love,0,5,25,55,0.18,7.613619905936681e-07,0.0002232694037415932,True
11,mate,0,13,31,55,0.223,5.615384552806223e-21,6.147723008412253e-18,True
11,nice,0,6,51,55,0.367,1.4698412583487072e-06,0.00041527282829423605,True
11,really,0,7,160,55,1.151,0.00013434632545192868,0.02261313851848948,True
11,really good,1,3,14,55,0.101,0.00012117807468227966,0.02056833428870694,True
11,really really,1,3,10,55,0.072,4.077290136464642e-05,0.007959258082736684,True
11,thank,0,21,43,55,0.309,1.1840717085025306e-35,2.2222657825175495e-32,True
11,thank guys,1,4,6,55,0.043,3.555121924518103e-08,1.3231096259362332e-05,True
11,thanks,0,7,19,55,0.137,3.1631596031048556e-11,1.7534314599894665e-08,True
11,unbelievable,0,7,19,55,0.137,3.1631596031048556e-11,1.7534314599894665e-08,True
11,weekend,0,15,61,55,0.439,4.959509475156681e-20,5.212484134465473e-17,True
11,weekend thank,1,3,3,55,0.022,3.521514210831031e-07,0.00010836201170749239,True
11,world champions,1,3,7,55,0.05,1.2075769834307554e-05,0.00273212148029215,True
11,yeah,0,13,298,55,2.143,1.2238703807548824e-07,4.122748593385985e-05,True
11,year,0,6,107,55,0.77,0.00010834417346066707,0.019128717090790684,True
11,yes,0,6,78,55,0.561,1.8065150347141367e-05,0.003791257495217323,True
11,yes yes,1,2,3,55,0.022,0.00015168424135672003,0.025193007449406387,True
12,campaign,0,3,6,139,0.109,0.00011294140710241196,0.019757377229675733,True
12,career,0,6,34,139,0.618,2.8636529482920004e-05,0.005743744576103967,True
12,career podium,1,3,3,139,0.055,5.879109920669612e-06,0.0014068885806600615,True
12,come home,1,6,13,139,0.236,5.0043171869745975e-08,1.8161524164529687e-05,True
12,comes home,1,10,28,139,0.509,2.824584032448226e-11,1.57907468871029e-08,True
12,complete,0,6,22,139,0.4,1.901175617377865e-06,0.0005247244703962908,True
12,complete podium,1,5,6,139,0.109,1.0923407539478942e-08,4.415611042789494e-06,True
12,completes,0,8,15,139,0.273,5.630424694060189e-11,3.0069214414912655e-08,True
12,completes podium,1,7,11,139,0.2,1.7508749891378847e-10,8.624949724469573e-08,True
12,double podium,1,3,3,139,0.055,5.879109920669612e-06,0.0014068885806600615,True
12,final,0,9,108,139,1.963,0.0001423315773410717,0.02382032268122374,True
12,final podium,1,3,3,139,0.055,5.879109920669612e-06,0.0014068885806600615,True
12,finish,0,12,53,139,0.963,1.1386277984869752e-10,5.731355005901335e-08,True
12,finish season,1,3,6,139,0.109,0.00011294140710241196,0.019757377229675733,True
12,gonna podium,1,3,3,139,0.055,5.879109920669612e-06,0.0014068885806600615,True
12,home,0,22,90,139,1.636,1.774808867073894e-19,1.821619450942968e-16,True
12,home finish,1,3,7,139,0.127,0.00019501642851706038,0.03174780460081453,True
12,home podium,1,3,4,139,0.073,2.3202641036991216e-05,0.004689646413655012,True
12,home second,1,5,16,139,0.291,6.865516644253153e-06,0.0016164231445437317,True
12,place,0,24,622,139,11.306,0.00031041701616975066,0.04725532551137562,True
12,place podium,1,8,9,139,0.164,8.634772529543658e-14,6.373044246299594e-11,True
12,places,0,15,94,139,1.709,9.979428237456986e-11,5.0425283235544197e-08,True
12,podium,0,127,185,139,3.363,1.910639514411779e-214,3.585888240648026e-210,True
12,podium finish,1,6,8,139,0.145,8.802383222008822e-10,4.0014598552755397e-07,True
12,podium place,1,6,6,139,0.109,3.239645456797348e-11,1.788284292152136e-08,True
12,podium places,1,14,18,139,0.327,6.360106216540183e-22,7.329520300913886e-19,True
12,podium season,1,4,5,139,0.091,5.156074829371742e-07,0.00015430170541766333,True
12,return,0,3,8,139,0.145,0.0003078760286445122,0.04697737646829435,True
12,rostrum,0,4,5,139,0.091,5.156074829371742e-07,0.00015430170541766333,True
12,season,0,11,122,139,2.218,1.2082591797967202e-05,0.00273212148029215,True
12,seventh podium,1,3,3,139,0.055,5.879109920669612e-06,0.0014068885806600615,True
12,stand,0,5,17,139,0.309,9.584527014181198e-06,0.002205213346786461,True
12,stand podium,1,5,7,139,0.127,3.7673446871512265e-08,1.3981318520315806e-05,True
12,step,0,7,19,139,0.345,2.3669808795709948e-08,9.092528655980088e-06,True
12,step podium,1,6,12,139,0.218,2.7353931306522793e-08,1.0356340286241322e-05,True
12,time,0,23,484,139,8.798,1.7728222927400827e-05,0.003732472780945851,True
13,2022,0,5,15,158,0.31,8.979612533105063e-06,0.00208060948174464,True
13,2024,0,6,11,158,0.227,3.0022485981035976e-08,1.1301530424769576e-05,True
13,2025,0,8,16,158,0.331,3.112656982597134e-10,1.481624723716236e-07,True
13,champion,0,33,75,158,1.55,7.630600325558294e-37,1.4962354453291737e-33,True
13,champion world,1,4,5,158,0.103,8.635786934050301e-07,0.0002491989449986295,True
13,champions,0,6,13,158,0.269,1.0774689957225677e-07,3.6482878036610325e-05,True
13,championship,0,74,170,158,3.512,2.548769545351085e-85,1.594510227571639e-81,True
13,championship battle,1,5,9,158,0.186,4.1668288108334547e-07,0.00012701190298191554,True
13,championship lead,1,5,11,158,0.227,1.477366202909264e-06,0.00041650313792576714,True
13,championship leader,1,10,22,158,0.455,5.5720968042169694e-12,3.3123972386914416e-09,True
13,championship points,1,3,5,158,0.103,8.396024336415057e-05,0.015362619682741847,True
13,constructors,0,12,25,158,0.517,1.641467259960622e-14,1.2913137888897405e-11,True
13,constructors champions,1,3,4,158,0.083,3.410224456170325e-05,0.006767698612595659,True
13,constructors championship,1,5,12,158,0.248,2.490468896332704e-06,0.0006760079374475317,True
13,constructors title,1,3,3,158,0.062,8.65722019958353e-06,0.002009453994594498,True
13,contenders,0,4,15,158,0.31,0.00020050109333112493,0.03260028668003696,True
13,gap world,1,3,3,158,0.062,8.65722019958353e-06,0.002009453994594498,True
13,leader,0,11,58,158,1.198,2.03857436568305e-08,7.90028748867187e-06,True
13,points,0,15,110,158,2.273,5.93016170556541e-09,2.4811494402240805e-06,True
13,score,0,4,13,158,0.269,0.00010847410663012317,0.019128717090790684,True
13,seven,0,7,45,158,0.93,3.3016253334955665e-05,0.006582008039655744,True
13,seven time,1,6,12,158,0.248,5.9022432116449675e-08,2.112842245703186e-05,True
13,tally,0,3,4,158,0.083,3.410224456170325e-05,0.006767698612595659,True
13,time,0,24,484,158,10.0,5.00209585605902e-05,0.009649858225926723,True
13,time champion,1,4,4,158,0.083,1.755454122102887e-07,5.794586450889168e-05,True
13,time world,1,10,20,158,0.413,1.6496212873164648e-12,1.0675893903570831e-09,True
13,title,0,15,42,158,0.868,1.6666108145443911e-15,1.4217705348804151e-12,True
13,today,0,8,65,158,1.343,5.1682578266888486e-05,0.009926681874840266,True
13,trophy,0,7,10,158,0.207,1.6042799369592724e-10,7.98348034083187e-08,True
13,win,0,23,148,158,3.058,2.0793670923741767e-14,1.6260650662366062e-11,True
13,win world,1,3,4,158,0.083,3.410224456170325e-05,0.006767698612595659,True
13,winner,0,6,43,158,0.888,0.00022918091929249667,0.03580127521161836,True
13,world,0,67,145,158,2.996,8.987306418325403e-79,4.373023585236734e-75,True
13,world champion,1,19,49,158,1.012,3.59674665812109e-20,3.8416763329863117e-17,True
13,world championship,1,33,72,158,1.488,1.3616316312775927e-37,2.8394558284242065e-34,True
13,world title,1,4,4,158,0.083,1.755454122102887e-07,5.794586450889168e-05,True
14,60,0,3,4,185,0.097,5.4748524767430266e-05,0.010409033559834904,True
14,60 kilometers,1,3,3,185,0.073,1.3935988122618614e-05,0.002981847517259191,True
14,called,0,4,12,185,0.29,0.00014099515404795984,0.023626759385465268,True
14,called pits,1,3,4,185,0.097,5.4748524767430266e-05,0.010409033559834904,True
14,cheap,0,3,5,185,0.121,0.00013442988965214564,0.02261313851848948,True
14,come,0,17,210,185,5.08,1.1732863772015191e-05,0.002666810918533335,True
14,come pit,1,4,5,185,0.121,1.6276148442866943e-06,0.000454956442091508,True
14,come pits,1,6,13,185,0.315,2.7560076967324756e-07,8.745731090964388e-05,True
14,comes,0,23,286,185,6.919,3.409541373440812e-07,0.00010639712766678387,True
14,comes pit,1,6,8,185,0.194,4.9763513569803726e-09,2.1021644240342554e-06,True
14,coming,0,18,187,185,4.524,5.225482542803128e-07,0.00015602340785075085,True
14,coming pit,1,7,7,185,0.169,4.335822507184865e-12,2.674286468093516e-09,True
14,coming pits,1,5,14,185,0.339,1.3165273144329834e-05,0.0029379841207460397,True
14,crew,0,4,12,185,0.29,0.00014099515404795984,0.023626759385465268,True
14,crews,0,3,5,185,0.121,0.00013442988965214564,0.02261313851848948,True
14,exit pit,1,3,4,185,0.097,5.4748524767430266e-05,0.010409033559834904,True
14,fast,0,5,24,185,0.581,0.00022954272662186772,0.03581520813856828,True
14,fast lane,1,4,6,185,0.145,4.790401289592939e-06,0.0011896857463545595,True
14,going pit,1,3,6,185,0.145,0.00026406937801469823,0.040766602357296115,True
14,high pressure,1,3,3,185,0.073,1.3935988122618614e-05,0.002981847517259191,True
14,kilometers hour,1,3,6,185,0.145,0.00026406937801469823,0.040766602357296115,True
14,lane,0,47,75,185,1.814,3.907736023110247e-59,1.2223398280288855e-55,True
14,make pit,1,4,8,185,0.194,2.1517623965609396e-05,0.004389595288984317,True
14,pit,0,139,235,185,5.685,1.2838551889027e-189,1.2974443022867778e-185,True
14,pit crew,1,3,3,185,0.073,1.3935988122618614e-05,0.002981847517259191,True
14,pit lane,1,45,69,185,1.669,9.08489317603288e-58,2.775667269522083e-54,True
14,pit stop,1,50,90,185,2.177,3.5617754960042277e-59,1.1698295439076287e-55,True
14,pit stops,1,4,12,185,0.29,0.00014099515404795984,0.023626759385465268,True
14,pits,0,41,108,185,2.613,1.5315971915856653e-39,3.353585210695973e-36,True
14,pits comes,1,3,4,185,0.097,5.4748524767430266e-05,0.010409033559834904,True
14,pits going,1,3,6,185,0.145,0.00026406937801469823,0.040766602357296115,True
14,pitted,0,7,27,185,0.653,2.5525832534953682e-06,0.0006914395412602216,True
14,second pit,1,4,7,185,0.169,1.096613401619537e-05,0.002505542300020318,True
14,slow,0,10,67,185,1.621,4.038354720241241e-06,0.001026195144538517,True
14,slow pit,1,3,3,185,0.073,1.3935988122618614e-05,0.002981847517259191,True
14,started pit,1,3,3,185,0.073,1.3935988122618614e-05,0.002981847517259191,True
14,starting,0,5,21,185,0.508,0.00011657115201114998,0.020311209106918884,True
14,starting pit,1,3,3,185,0.073,1.3935988122618614e-05,0.002981847517259191,True
14,stop,0,63,254,185,6.145,1.932515592611335e-48,5.077723369898135e-45,True
14,stops,0,7,28,185,0.677,3.334377037731974e-06,0.0008749255532224354,True
14,time pit,1,3,3,185,0.073,1.3935988122618614e-05,0.002981847517259191,True
15,12 laps,1,4,4,379,0.198,5.94342316912019e-06,0.0014068885806600615,True
15,axle,0,4,5,379,0.248,2.8550671418847013e-05,0.005735279829239213,True
15,better,0,15,78,379,3.866,5.050185418029398e-06,0.0012518361499604344,True
15,bring,0,7,24,379,1.189,0.00011545594852010291,0.020143613137818116,True
15,bring tires,1,3,3,379,0.149,0.00012082852847009236,0.020535535260396965,True
15,cold,0,5,7,379,0.347,5.63478193499188e-06,0.0013708798360953579,True
15,compound,0,31,35,379,1.735,4.662676931056549e-37,9.424059146069004e-34,True
15,compound tire,1,17,17,379,0.843,4.646153303966661e-23,5.758424872282302e-20,True
15,compound tires,1,6,7,379,0.347,9.572025035838637e-08,3.278924365381073e-05,True
15,compound tyre,1,4,4,379,0.198,5.94342316912019e-06,0.0014068885806600615,True
15,end,0,18,127,379,6.294,4.88752080477419e-05,0.009456596955051752,True
15,faster,0,5,12,379,0.595,0.00017273528401917117,0.028580945432371073,True
15,fired,0,6,7,379,0.347,9.572025035838637e-08,3.278924365381073e-05,True
15,fresh,0,10,15,379,0.743,1.9147176358145152e-10,9.282211960249733e-08,True
15,fresh tires,1,3,3,379,0.149,0.00012082852847009236,0.020535535260396965,True
15,fresher,0,27,39,379,1.933,5.3917967985143846e-27,7.378673918766936e-24,True
15,fresher rubber,1,5,12,379,0.595,0.00017273528401917117,0.028580945432371073,True
15,fresher tires,1,18,21,379,1.041,2.55489503184338e-21,2.8206041151550913e-18,True
15,got tyres,1,3,3,379,0.149,0.00012082852847009236,0.020535535260396965,True
15,grip,0,16,70,379,3.469,2.0495079439736268e-07,6.714617347817435e-05,True
15,hard,0,74,123,379,6.096,1.5595679508024914e-66,6.026170561900828e-63,True
15,hard compound,1,16,17,379,0.843,1.5860789842265685e-20,1.7079730543586036e-17,True
15,hard tire,1,15,21,379,1.041,8.445767032941644e-16,7.348152912051267e-13,True
15,hard tires,1,17,24,379,1.189,1.166656354418519e-17,1.135338112726573e-14,True
15,hard tyre,1,8,8,379,0.396,3.392164019935993e-11,1.8646399175025566e-08,True
15,hard tyres,1,12,12,379,0.595,1.858325504899571e-16,1.672187476244425e-13,True
15,harder,0,4,6,379,0.297,8.229539565031939e-05,0.015078995674974002,True
15,intermediate,0,16,21,379,1.041,1.5807283308022997e-17,1.5158377020984155e-14,True
15,intermediate tires,1,10,12,379,0.595,4.814703067718803e-12,2.928409399188081e-09,True
15,intermediate tyres,1,3,3,379,0.149,0.00012082852847009236,0.020535535260396965,True
15,laps younger,1,3,3,379,0.149,0.00012082852847009236,0.020535535260396965,True
15,medium,0,49,63,379,3.122,1.06711671446037e-52,2.98284096763714e-49,True
15,medium compound,1,7,7,379,0.347,6.966702449545965e-10,3.234125445270497e-07,True
15,medium tire,1,13,15,379,0.743,8.562778251715265e-16,7.400944444719373e-13,True
15,medium tires,1,16,18,379,0.892,1.3635643736325708e-19,1.4105482925224616e-16,True
15,medium tyre,1,6,6,379,0.297,1.4271467404016276e-08,5.630415320330457e-06,True
15,mediums,0,5,13,379,0.644,0.00026933823753102983,0.04153119752802415,True
15,new,0,15,49,379,2.429,6.825192994984698e-09,2.837552388952879e-06,True
15,new set,1,6,8,379,0.396,3.6687326999882173e-07,0.0001120891691148028,True
15,new tires,1,4,4,379,0.198,5.94342316912019e-06,0.0014068885806600615,True
15,pirelli,0,6,8,379,0.396,3.6687326999882173e-07,0.0001120891691148028,True
15,pits,0,20,108,379,5.353,2.5515720649001305e-07,8.15609079314646e-05,True
15,rear,0,20,85,379,4.213,3.503750236758121e-09,1.5092088232929015e-06,True
15,rear axle,1,4,4,379,0.198,5.94342316912019e-06,0.0014068885806600615,True
15,rid,0,6,12,379,0.595,1.0209229742781331e-05,0.0023366685830795123,True
15,rubber,0,15,34,379,1.685,1.5945915553483096e-11,9.029787076527566e-09,True
15,set,0,19,37,379,1.834,8.072694498750774e-16,7.070388749785878e-13,True
15,set hard,1,5,6,379,0.297,1.6783093031108127e-06,0.0004651678544419539,True
15,set tires,1,6,6,379,0.297,1.4271467404016276e-08,5.630415320330457e-06,True
15,slick,0,10,15,379,0.743,1.9147176358145152e-10,9.282211960249733e-08,True
15,soft,0,31,43,379,2.131,9.506572204684591e-32,1.5611692874533034e-28,True
15,soft compound,1,4,6,379,0.297,8.229539565031939e-05,0.015078995674974002,True
15,soft tire,1,10,11,379,0.545,8.393073004669757e-13,5.568931106371182e-10,True
15,soft tires,1,11,15,379,0.743,4.393469099331832e-12,2.6971794224010223e-09,True
15,softs,0,5,6,379,0.297,1.6783093031108127e-06,0.0004651678544419539,True
15,temperature,0,15,19,379,0.942,6.610464263154614e-17,6.030946896084727e-14,True
15,temperature window,1,3,3,379,0.149,0.00012082852847009236,0.020535535260396965,True
15,tire,0,96,120,379,5.947,8.063112635747663e-107,5.575260450705184e-103,True
15,tire grip,1,3,3,379,0.149,0.00012082852847009236,0.020535535260396965,True
15,tire medium,1,3,3,379,0.149,0.00012082852847009236,0.020535535260396965,True
15,tire run,1,3,3,379,0.149,0.00012082852847009236,0.020535535260396965,True
15,tire temperature,1,4,4,379,0.198,5.94342316912019e-06,0.0014068885806600615,True
15,tire way,1,3,3,379,0.149,0.00012082852847009236,0.020535535260396965,True
15,tires,0,170,207,379,10.259,8.548963210618656e-201,1.4039107384477957e-196,True
15,tires gets,1,3,3,379,0.149,0.00012082852847009236,0.020535535260396965,True
15,tires getting,1,3,3,379,0.149,0.00012082852847009236,0.020535535260396965,True
15,tires going,1,11,13,379,0.644,2.747854811016274e-13,1.9304929072303422e-10,True
15,tires got,1,4,4,379,0.198,5.94342316912019e-06,0.0014068885806600615,True
15,tires just,1,4,6,379,0.297,8.229539565031939e-05,0.015078995674974002,True
15,tires lot,1,4,4,379,0.198,5.94342316912019e-06,0.0014068885806600615,True
15,tires make,1,3,3,379,0.149,0.00012082852847009236,0.020535535260396965,True
15,tires ve,1,3,3,379,0.149,0.00012082852847009236,0.020535535260396965,True
15,traction,0,17,55,379,2.726,5.559796214276131e-10,2.5901552746338327e-07,True
15,try end,1,4,5,379,0.248,2.8550671418847013e-05,0.005735279829239213,True
15,tyre,0,30,36,379,1.784,3.456150146721441e-34,6.135880833455081e-31,True
15,tyres,0,58,67,379,3.321,7.58018174353541e-68,3.0177392628445704e-64,True
15,tyres fired,1,3,3,379,0.149,0.00012082852847009236,0.020535535260396965,True
15,tyres got,1,3,3,379,0.149,0.00012082852847009236,0.020535535260396965,True
15,warm,0,5,7,379,0.347,5.63478193499188e-06,0.0013708798360953579,True
15,warming,0,3,3,379,0.149,0.00012082852847009236,0.020535535260396965,True
15,window,0,6,13,379,0.644,1.8170558400197155e-05,0.0037978289992105967,True
15,working,0,7,23,379,1.14,8.53819674437955e-05,0.015557754999855863,True
15,younger,0,4,4,379,0.198,5.94342316912019e-06,0.0014068885806600615,True
16,allowed overtake,1,3,3,122,0.048,3.962995447325152e-06,0.001008997073425948,True
16,barrier,0,6,32,122,0.511,9.407639724816685e-06,0.0021683124148903807,True
16,barriers,0,5,35,122,0.558,0.0002106769716966146,0.03400233149092683,True
16,car,0,109,400,122,6.382,2.616874421554752e-130,2.2919632933745138e-126,True
16,car coming,1,4,5,122,0.08,3.04664893858045e-07,9.598478440166552e-05,True
16,car deployed,1,11,14,122,0.223,3.772634306766093e-18,3.783462631188566e-15,True
16,car ending,1,5,5,122,0.08,9.52506623089031e-10,4.315052072929122e-07,True
16,car ll,1,3,4,122,0.064,1.566689683709037e-05,0.003309090416189042,True
16,car safety,1,7,7,122,0.112,2.2138827791278356e-13,1.5893500764519048e-10,True
16,cars,0,8,87,122,1.388,6.797926369120997e-05,0.01266786347049135,True
16,deployed,0,14,18,122,0.287,9.361858391842219e-23,1.1283701909051957e-19,True
16,end lap,1,4,14,122,0.223,5.4552082110891846e-05,0.010409033559834904,True
16,ending,0,7,11,122,0.175,6.928510040445117e-11,3.670322318844829e-08,True
16,going safety,1,4,4,122,0.064,6.16949840700802e-08,2.1906054668083394e-05,True
16,got safety,1,4,4,122,0.064,6.16949840700802e-08,2.1906054668083394e-05,True
16,impact,0,3,4,122,0.064,1.566689683709037e-05,0.003309090416189042,True
16,lapped,0,4,5,122,0.08,3.04664893858045e-07,9.598478440166552e-05,True
16,lapped cars,1,4,4,122,0.064,6.16949840700802e-08,2.1906054668083394e-05,True
16,need safety,1,3,3,122,0.048,3.962995447325152e-06,0.001008997073425948,True
16,safety,0,106,138,122,2.202,4.705245785221953e-191,5.61960336617563e-187,True
16,safety car,1,105,134,122,2.138,1.9018827289077827e-190,2.0821812116082406e-186,True
16,surprised,0,3,7,122,0.112,0.000132345865674457,0.022348419600061006,True
16,timing,0,5,10,122,0.16,2.2511280560871977e-07,7.302325913494116e-05,True
16,virtual,0,34,38,122,0.606,3.698028432862923e-59,1.1849565448678035e-55,True
16,virtual safety,1,33,37,122,0.59,2.8293332371125475e-57,8.447874621793138e-54,True
17,10,0,6,98,67,0.859,0.0002017148622469103,0.03267631534223192,True
17,10 seconds,1,3,8,67,0.07,3.48937265284024e-05,0.00691432611824343,True
17,12 miles,1,2,3,67,0.026,0.00022560355621493132,0.03532645149140979,True
17,20,0,4,17,67,0.149,1.1758453725367265e-05,0.0026680114276750426,True
17,extra,0,5,28,67,0.245,3.7319141542970203e-06,0.0009538598325582205,True
17,gap,0,22,89,67,0.78,3.1629343597177722e-27,4.468103918734215e-24,True
17,gap come,1,2,3,67,0.026,0.00022560355621493132,0.03532645149140979,True
17,gap seconds,1,4,7,67,0.061,1.8473024078166422e-07,6.0672800282329796e-05,True
17,gap tenths,1,2,3,67,0.026,0.00022560355621493132,0.03532645149140979,True
17,half,0,6,46,67,0.403,2.5629341924986115e-06,0.0006928149022092543,True
17,hour,0,7,20,67,0.175,2.037095541965741e-10,9.803130546567442e-08,True
17,miles,0,5,17,67,0.149,2.531498146991089e-07,8.111660989246374e-05,True
17,miles hour,1,5,9,67,0.079,5.441924090712818e-09,2.2841476656277546e-06,True
17,pace,0,6,69,67,0.605,2.8017009444397717e-05,0.0056540132607791,True
17,second,0,15,566,67,4.959,8.497236478913321e-05,0.015504624161857173,True
17,second gap,1,2,3,67,0.026,0.00022560355621493132,0.03532645149140979,True
17,seconds,0,34,143,67,1.253,2.3530377503150902e-42,5.520226562239201e-39,True
17,tenths,0,8,28,67,0.245,6.112632399127658e-11,3.251227506347349e-08,True
17,tenths quicker,1,2,3,67,0.026,0.00022560355621493132,0.03532645149140979,True
17,tenths second,1,6,19,67,0.166,8.934550610093985e-09,3.645296648918346e-06,True
18,ahead,0,56,417,600,32.719,3.830506858175194e-05,0.0075222222570945334,True
18,ahead teammate,1,8,12,600,0.942,5.120275120071924e-07,0.00015393163939921486,True
18,past,0,48,369,600,28.953,0.00029912180221696057,0.045854639309282866,True
18,team,0,38,101,600,7.925,2.6767404696535287e-17,2.529924143461885e-14,True
18,teammate,0,65,175,600,13.731,1.5131522709054223e-28,2.3387281499114207e-25,True
19,holds,0,6,22,115,0.331,6.222174982850967e-07,0.00018388046130354924,True
19,holds lead,1,5,10,115,0.15,1.6731819428642377e-07,5.579085048876449e-05,True
19,lead,0,68,325,115,4.888,3.497820913392372e-65,1.3129420580509607e-61,True
19,lead comes,1,4,5,115,0.075,2.399773367896337e-07,7.765335615289388e-05,True
19,lead second,1,4,4,115,0.06,4.8559656484688534e-08,1.7770399527388414e-05,True
19,leads,0,39,98,115,1.474,1.116327926919348e-47,2.820359571672236e-44,True
19,leads comes,1,4,7,115,0.105,1.6410558113628795e-06,0.0004577395929376001,True
19,leads inside,1,3,3,115,0.045,3.3141965550799915e-06,0.0008725568870144067,True
19,leads leads,1,3,4,115,0.06,1.3111107250865905e-05,0.0029379841207460397,True
19,leads second,1,5,8,115,0.12,3.808936655915772e-08,1.409585527063635e-05,True
19,maintain lead,1,3,7,115,0.105,0.00011098626686761672,0.01946719865954608,True
19,maintains,0,5,16,115,0.241,2.69796554611091e-06,0.00072632770816776,True
19,maintains lead,1,5,9,115,0.135,8.467380833771856e-08,2.9823341137201375e-05,True
19,takes lead,1,6,36,115,0.541,1.3681249770340612e-05,0.00296598658387503,True
20,bit contact,1,4,4,61,0.032,3.665536417247977e-09,1.5635178972479553e-06,True
20,contact,0,12,150,61,1.197,1.5909618660650217e-09,7.013899534099272e-07,True
20,damage,0,16,53,61,0.423,3.8073401530934547e-22,4.506244323899151e-19,True
20,damage wing,1,4,4,61,0.032,3.665536417247977e-09,1.5635178972479553e-06,True
20,damaged,0,9,12,61,0.096,1.5272015052915582e-17,1.4752766541116453e-14,True
20,damaged wing,1,4,4,61,0.032,3.665536417247977e-09,1.5635178972479553e-06,True
20,endplate,0,3,4,61,0.032,1.9213730716753963e-06,0.0005280801436494286,True
20,got puncture,1,5,8,61,0.064,1.5029913659975389e-09,6.67925866386923e-07,True
20,puncture,0,14,23,61,0.183,6.590519124041369e-25,8.57263406376296e-22,True
20,rear,0,8,85,61,0.678,3.043959014228055e-07,9.598478440166552e-05,True
20,rear wing,1,4,16,61,0.128,6.209363216972985e-06,0.001464562481136522,True
20,ripped,0,3,4,61,0.032,1.9213730716753963e-06,0.0005280801436494286,True
20,think,0,11,210,61,1.675,6.463637766053763e-07,0.00019039616034822402,True
20,wing,0,36,61,61,0.487,4.513681672100567e-65,1.6471928982052338e-61,True
20,wing damage,1,2,3,61,0.024,0.00018682575851573964,0.030527886630303248,True
20,wing endplate,1,3,3,61,0.024,4.830924202317852e-07,0.00014590057425372646,True
21,brake,0,13,25,128,0.418,1.9127683957440657e-17,1.8209555127483504e-14,True
21,brake pedal,1,5,5,128,0.084,1.2157058941376168e-09,5.488473455265415e-07,True
21,brakes,0,39,105,128,1.758,4.1009222477308534e-44,1.0165335117318653e-40,True
21,brakes just,1,3,3,128,0.05,4.582277245041565e-06,0.0011552888882317724,True
21,brakes late,1,3,5,128,0.084,4.470607795809169e-05,0.0086883220381986,True
21,braking,0,51,84,128,1.406,4.856621907715218e-73,2.2787269990999805e-69,True
21,braking zone,1,20,33,128,0.552,3.0663351819132973e-28,4.526324166955521e-25,True
21,curb,0,5,23,128,0.385,3.209932128041182e-05,0.006408936827561372,True
21,late,0,18,112,128,1.875,2.399564887408324e-13,1.6948668636997637e-10,True
21,late brakes,1,5,27,128,0.452,7.298498316149794e-05,0.01352394238057116,True
21,late braking,1,7,11,128,0.184,9.750164747136618e-11,4.945705188493515e-08,True
21,lock,0,8,56,128,0.937,3.58259840595825e-06,0.0009211240450960139,True
21,outside brakes,1,3,4,128,0.067,1.81043112346285e-05,0.003793416256396418,True
21,pedal,0,5,6,128,0.1,7.19639983421923e-09,2.954481951938705e-06,True
21,rear,0,8,85,128,1.423,8.088300563675161e-05,0.014882473037162298,True
21,super late,1,3,6,128,0.1,8.831714845889272e-05,0.015981754402115002,True
21,way traffic,1,3,3,128,0.05,4.582277245041565e-06,0.0011552888882317724,True
21,zone,0,20,51,128,0.854,3.2469929950827703e-23,4.062637635447562e-20,True
21,zone turn,1,3,6,128,0.1,8.831714845889272e-05,0.015981754402115002,True
22,goes wheel,1,3,4,71,0.037,3.04828324288135e-06,0.0008041591552545788,True
22,going wheel,1,16,27,71,0.251,6.0203180736431184e-27,8.089149423643866e-24,True
22,went,0,7,100,71,0.928,3.550479713629857e-05,0.007014252975305805,True
22,went wheel,1,3,4,71,0.037,3.04828324288135e-06,0.0008041591552545788,True
22,wheel,0,64,138,71,1.281,9.688405375126475e-111,7.487199673897739e-107,True
22,wheel action,1,3,4,71,0.037,3.04828324288135e-06,0.0008041591552545788,True
22,wheel gets,1,3,4,71,0.037,3.04828324288135e-06,0.0008041591552545788,True
22,wheel goes,1,3,3,71,0.028,7.671894214600634e-07,0.00022447723259184251,True
22,wheel turn,1,6,8,71,0.074,1.4257399817716707e-11,8.179389338219869e-09,True
22,wheel wheel,1,51,90,71,0.836,1.5341493701818174e-89,1.0077520382850323e-85,True
22,wheels,0,5,29,71,0.269,5.975195195783857e-06,0.0014118655468368703,True
23,corner racetrack,1,5,6,72,0.056,3.829358918883047e-10,1.7967352047399257e-07,True
23,racetrack,0,58,86,72,0.81,1.603602072534758e-110,1.170415699340702e-106,True
23,turn racetrack,1,4,6,72,0.056,1.0685672948469417e-07,3.63272319902291e-05,True
23,turns racetrack,1,2,3,72,0.028,0.00026069191844246673,0.0403875724968131,True
24,car,0,42,400,60,3.138,7.207941405555887e-41,1.6326732932695004e-37,True
24,car ahead,1,4,12,60,0.094,1.6176051344205832e-06,0.00045312258451948514,True
24,car length,1,6,7,60,0.055,1.2566712036630058e-12,8.254821802621553e-10,True
24,car lengths,1,6,8,60,0.063,4.996235818981703e-12,2.983570349793365e-09,True
24,car width,1,3,5,60,0.039,4.542110742305925e-06,0.0011497578822373471,True
24,cars,0,13,87,60,0.683,7.106660184872666e-14,5.2748281833210806e-11,True
24,couple,0,5,63,60,0.494,0.0001245225243864533,0.021108736985541533,True
24,couple car,1,4,5,60,0.039,1.702548235410323e-08,6.637209999266071e-06,True
24,flat,0,3,12,60,0.094,9.60846513543841e-05,0.017174445110657913,True
24,flat floor,1,3,6,60,0.047,9.033444384904008e-06,0.0020857254648702092,True
24,floor,0,3,11,60,0.086,7.24678897993932e-05,0.013447092500402658,True
24,got car,1,4,9,60,0.071,4.190741997064134e-07,0.00012729468158003185,True
24,length,0,6,8,60,0.063,4.996235818981703e-12,2.983570349793365e-09,True
24,length ahead,1,3,3,60,0.024,4.593337766138284e-07,0.000139044779346586,True
24,lengths,0,6,8,60,0.063,4.996235818981703e-12,2.983570349793365e-09,True
24,positions car,1,2,3,60,0.024,0.0001807161629060509,0.02967720827243168,True
24,width,0,4,6,60,0.047,5.077709970783966e-08,1.8377113639716646e-05,True
25,board nation,1,3,4,69,0.036,2.7949138893207087e-06,0.0007493563410681579,True
25,contract,0,2,3,69,0.027,0.00023933654887572264,0.03721074372200821,True
25,driver,0,49,207,69,1.868,2.8583314421495315e-63,9.882003987995707e-60,True
25,driver getting,1,3,3,69,0.027,7.032826970165087e-07,0.00020669903266944258,True
25,driver trying,1,3,4,69,0.036,2.7949138893207087e-06,0.0007493563410681579,True
25,drivers,0,13,69,69,0.623,2.0941987648813822e-14,1.627973117958914e-11,True
25,nation,0,28,127,69,1.146,6.196075134968726e-33,1.0571630739372095e-29,True
25,nation driver,1,27,75,69,0.677,2.533029012140562e-38,5.367406766112555e-35,True
26,battle,0,20,110,110,1.582,3.7077509377696205e-17,3.454677214187387e-14,True
26,defend,0,19,40,110,0.575,2.0299433510792208e-25,2.6668583769138373e-22,True
26,defended,0,3,5,110,0.072,2.8364544822819134e-05,0.00571536877399185,True
26,defense,0,4,21,110,0.302,0.00020087987060734322,0.03262150047084094,True
26,defensive,0,11,39,110,0.561,3.930718586880926e-12,2.4474032467775763e-09,True
26,fight,0,30,114,110,1.64,8.976054730324143e-31,1.4380953246964201e-27,True
26,fights,0,4,22,110,0.316,0.00024281289140492152,0.0377066033347671,True
26,going,0,26,894,110,12.86,0.00030054208910407915,0.046018668412747675,True
26,going fight,1,6,10,110,0.144,1.5483354492992532e-09,6.848960201587161e-07,True
26,try defend,1,3,4,110,0.058,1.1466121616566969e-05,0.002610698775559969,True
26,try fight,1,4,15,110,0.216,4.8970301005364e-05,0.009461062154236324,True
27,ahead,0,68,417,762,41.553,2.26894786866004e-05,0.004600081715942615,True
27,close,0,36,189,762,18.833,9.239731471083988e-05,0.01660573135082257,True
27,corner,0,50,226,762,22.52,3.418611031601194e-08,1.2795539683408503e-05,True
27,door,0,22,47,762,4.683,9.141001197383428e-11,4.6546828422769197e-08,True
27,getaway,0,10,19,762,1.893,3.643996070937439e-06,0.0009332039528566802,True
27,gets away,1,10,14,762,1.395,6.2971651724882e-08,2.2299093576841237e-05,True
27,goes,0,67,431,762,42.948,0.00011935088695044447,0.020535535260396965,True
27,goes corner,1,4,4,762,0.399,9.78974645822363e-05,0.017427340524330457,True
27,inside,0,126,469,762,46.734,1.9575379240874423e-27,2.795364155596868e-24,True
27,inside goes,1,7,15,762,1.495,0.0002981442275881424,0.04575817294815397,True
27,inside line,1,20,88,762,8.769,0.0003189726351721651,0.0485015612481231,True
27,leads corner,1,4,4,762,0.399,9.78974645822363e-05,0.017427340524330457,True
27,open door,1,8,10,762,0.996,3.521996331072589e-07,0.00010836201170749239,True
27,outside,0,64,338,762,33.681,2.2313663619665024e-07,7.25613829627998e-05,True
27,past,0,69,369,762,36.77,1.213968507786273e-07,4.099905570152427e-05,True
27,past outside,1,4,4,762,0.399,9.78974645822363e-05,0.017427340524330457,True
27,space,0,18,58,762,5.78,7.398922301346413e-06,0.0017326930771153052,True
28,abreast,0,4,7,82,0.075,4.195484496723434e-07,0.00012729468158003185,True
28,heading turn,1,4,15,82,0.161,1.532528229064524e-05,0.003252624048813908,True
28,outside turn,1,4,24,82,0.257,0.00011084570125220104,0.01946719865954608,True
28,run,0,8,104,82,1.115,1.3849597098965877e-05,0.002981847517259191,True
28,run turn,1,7,14,82,0.15,4.0596943043798645e-11,2.2039107393892936e-08,True
28,turn,0,71,574,82,6.155,1.4345387222237676e-69,6.079482553899022e-66,True
28,way turn,1,5,21,82,0.225,2.22963052533874e-06,0.0006079353009495444,True
29,10,0,7,98,60,0.769,1.0143291925110652e-05,0.0023256284815939567,True
29,11,0,17,30,60,0.235,1.498201619921332e-29,2.3714185062504205e-26,True
29,12,0,6,35,60,0.275,2.458187953415956e-07,7.934813281768419e-05,True
29,13,0,5,14,60,0.11,4.7595250877245306e-08,1.746612759566754e-05,True
29,14,0,4,20,60,0.157,1.5106670717045432e-05,0.0032114141943730755,True
29,away turn,1,2,3,60,0.024,0.0001807161629060509,0.02967720827243168,True
29,coming turn,1,4,16,60,0.126,5.809511817092454e-06,0.0014068885806600615,True
29,heading,0,6,58,60,0.455,5.3308109616553e-06,0.0013066056360045274,True
29,heading turn,1,4,15,60,0.118,4.382784617909838e-06,0.0011115689420125926,True
29,inside turn,1,5,19,60,0.149,2.6825679767066144e-07,8.533294201157583e-05,True
29,seven,0,6,45,60,0.353,1.1608455943594666e-06,0.0003329852637654351,True
29,turn,0,55,574,60,4.504,4.551194816366288e-57,1.32870615598875e-53,True
29,turn 10,1,7,9,60,0.071,4.539624884733689e-14,3.407987193467275e-11,True
29,turn 11,1,17,20,60,0.157,1.5043882585724905e-34,2.7450071091419376e-31,True
29,turn 12,1,5,16,60,0.126,1.0260302036198633e-07,3.501188156643199e-05,True
29,turn 13,1,3,6,60,0.047,9.033444384904008e-06,0.0020857254648702092,True
29,turn 14,1,3,12,60,0.094,9.60846513543841e-05,0.017174445110657913,True
29,turn seven,1,6,8,60,0.063,4.996235818981703e-12,2.983570349793365e-09,True
30,corners lap,1,3,4,136,0.071,2.1728511993584583e-05,0.004418893175958465,True
30,end lap,1,5,14,136,0.249,2.9094497527241887e-06,0.0007768940461664492,True
30,fastest,0,25,70,136,1.245,6.0341054950455094e-27,8.089149423643866e-24,True
30,fastest lap,1,25,49,136,0.871,7.952331488702438e-32,1.3224626603288246e-28,True
30,lap,0,135,325,136,5.78,1.792944500783715e-197,2.6172208526106817e-193,True
30,lap goes,1,4,6,136,0.107,1.397060203051244e-06,0.00039556073542254365,True
30,lap going,1,4,6,136,0.107,1.397060203051244e-06,0.00039556073542254365,True
30,lap lap,1,6,7,136,0.124,1.9556809077100504e-10,9.445938784239543e-08,True
30,lap number,1,3,6,136,0.107,0.00010582887598738314,0.018762988409876447,True
30,lap time,1,4,6,136,0.107,1.397060203051244e-06,0.00039556073542254365,True
30,middle,0,6,33,136,0.587,2.114213809671677e-05,0.004326432296875798,True
30,middle sector,1,4,13,136,0.231,6.042769852268755e-05,0.011422660893692949,True
30,opening,0,15,52,136,0.925,6.596226137535117e-15,5.349295092869219e-12,True
30,opening lap,1,11,21,136,0.373,1.1352018832423828e-14,8.984233892340439e-12,True
30,point fastest,1,3,7,136,0.124,0.0001827894249576191,0.0299428223107633,True
30,previous,0,8,11,136,0.196,1.2847044082508916e-12,8.396981409869111e-10,True
30,previous lap,1,8,8,136,0.142,8.14459329549935e-15,6.5244151755458696e-12,True
30,quicker,0,6,23,136,0.409,2.23042880783157e-06,0.0006079353009495444,True
30,seconds,0,11,143,136,2.543,4.3925144938822944e-05,0.008549199765159709,True
30,seconds away,1,3,8,136,0.142,0.0002886585319690569,0.04440609285242017,True
30,sector,0,5,28,136,0.498,0.00011688491984020581,0.020338904938976,True
30,sector lap,1,3,4,136,0.071,2.1728511993584583e-05,0.004418893175958465,True
30,turn lap,1,5,7,136,0.124,3.3747335038273596e-08,1.2667399679966378e-05,True
31,going lead,1,4,10,162,0.212,3.690324037744735e-05,0.007257784592556172,True
31,lap race,1,5,21,162,0.445,6.202052294403191e-05,0.011706908365366574,True
31,lead,0,42,325,162,6.885,2.589556389131887e-22,3.092777819805371e-19,True
31,lead race,1,28,38,162,0.805,4.723288661428242e-40,1.0517402901420284e-36,True
31,leader,0,13,58,162,1.229,1.4773572889330893e-10,7.40798821339212e-08,True
31,place race,1,4,15,162,0.318,0.00022077087718076475,0.03520456926372036,True
31,race,0,157,476,162,10.084,3.748911590902564e-193,4.925170091664153e-189,True
31,race control,1,4,11,162,0.233,5.7035202478487493e-05,0.010812491718345993,True
31,race far,1,3,5,162,0.106,9.047057467645626e-05,0.016326459091612802,True
31,race going,1,4,10,162,0.212,3.690324037744735e-05,0.007257784592556172,True
31,race lead,1,6,17,162,0.36,8.407597290217307e-07,0.00024329438361224426,True
31,race leader,1,10,27,162,0.572,8.533164270853936e-11,4.362073888123373e-08,True
31,retake lead,1,3,7,162,0.148,0.00030686762919401785,0.04687795541045731,True
31,review,0,3,5,162,0.106,9.047057467645626e-05,0.016326459091612802,True
31,start race,1,5,11,162,0.233,1.6723067006270983e-06,0.0004651678544419539,True
31,started race,1,4,6,162,0.127,2.8173784525012297e-06,0.0007538409604395144,True
31,takes lead,1,9,36,162,0.763,3.9689884865846855e-08,1.4605877630631642e-05,True
31,win race,1,4,9,162,0.191,2.251315397606341e-05,0.004571388124821185,True
32,couple positions,1,2,4,45,0.024,0.00020166409054164506,0.03267631534223192,True
32,fourth,0,15,157,45,0.924,5.017357541447522e-15,4.145662668963583e-12,True
32,fourth place,1,7,51,45,0.3,1.4329595932136816e-08,5.636422141258701e-06,True
32,place,0,23,622,45,3.66,4.3577494046890144e-14,3.290251067761057e-11,True
32,position,0,15,380,45,2.236,1.8595874751835098e-09,8.143505471323625e-07,True
32,second,0,13,566,45,3.331,1.3976656308533293e-05,0.002985686502747756,True
32,second place,1,7,155,45,0.912,2.9175526709370794e-05,0.005842932922210819,True
33,10th,0,8,29,122,0.463,1.0807059324803622e-08,4.382062425479632e-06,True
33,11th,0,10,26,122,0.415,3.152778691546268e-12,1.9818155664142705e-09,True
33,11th place,1,3,9,122,0.144,0.00031027887780633374,0.04725532551137562,True
33,12th,0,5,16,122,0.255,3.6131739019175722e-06,0.0009271178408951621,True
33,eighth,0,16,68,122,1.085,4.738311336521936e-15,3.939875887005733e-12,True
33,fifth,0,19,90,122,1.436,9.549017122301478e-17,8.65180464454813e-14,True
33,fifth place,1,9,34,122,0.542,1.8658713494266322e-09,8.143877554892797e-07,True
33,ninth,0,8,55,122,0.877,2.1678667970799016e-06,0.0005945838587331298,True
33,place,0,55,622,122,9.923,1.5378201430361335e-28,2.3492169664129657e-25,True
33,position,0,28,380,122,6.063,4.788654517401778e-12,2.9261129110612834e-09,True
33,seventh,0,27,67,122,1.069,3.539095398642698e-32,5.960925603744655e-29,True
33,seventh place,1,10,21,122,0.335,2.2388742165932408e-13,1.598556190647574e-10,True
33,seventh position,1,4,13,122,0.207,3.9451203858811477e-05,0.007724204706639666,True
33,sixth,0,24,81,122,1.292,7.700267535394656e-25,9.917944585588318e-22,True
33,sixth place,1,12,26,122,0.415,1.255821938840234e-15,1.0783324381508143e-12,True
33,sixth position,1,8,25,122,0.399,2.8725304556059444e-09,1.2413867142621268e-06,True
