cluster,term,in_cluster,corpus_docfreq,cluster_size,expected,p,is_bigram,q
0,drs,202,234,205,6.273,0.0,0,0.0
0,got drs,34,37,205,0.992,1.568276958103895e-51,1,4.292374034330361e-48
0,drs zone,15,16,205,0.429,2.488230955846384e-23,1,3.1432099043776404e-20
0,drs got,12,13,205,0.349,1.2708111327886914e-18,1,1.284262179855747e-15
0,got,57,668,205,17.908,5.712659056796573e-16,0,5.036955008360446e-13
0,zone,17,51,205,1.367,6.508454986985778e-15,0,5.3108992693803945e-12
0,open,14,39,205,1.046,5.316179209659414e-13,0,3.5816326146062304e-10
0,drs enabled,7,7,205,0.188,8.996341248748979e-12,1,5.276354142391276e-09
0,enabled,7,8,205,0.214,7.033867122418475e-11,0,3.696325308299399e-08
0,going drs,7,8,205,0.214,7.033867122418475e-11,1,3.696325308299399e-08
0,bit drs,6,6,205,0.161,3.4543237930497966e-10,1,1.6265779305939436e-07
0,drs going,6,6,205,0.161,3.4543237930497966e-10,1,1.6265779305939436e-07
0,extra,10,28,205,0.751,1.3271303569509154e-09,0,5.930376795060663e-07
0,drs open,6,8,205,0.214,9.245178416896904e-09,1,3.7603546739883822e-06
0,drs time,5,5,205,0.134,1.3198971213243274e-08,1,5.238755414232775e-06
0,ll drs,5,5,205,0.134,1.3198971213243274e-08,1,5.238755414232775e-06
0,second drs,5,5,205,0.134,1.3198971213243274e-08,1,5.238755414232775e-06
0,slipstream drs,5,5,205,0.134,1.3198971213243274e-08,1,5.238755414232775e-06
0,speed,15,91,205,2.44,1.4485862186625191e-08,0,5.680879494418123e-06
0,straight,18,146,205,3.914,5.6340262799310923e-08,0,2.022338351235593e-05
0,helping,5,9,205,0.241,1.5227737760774211e-06,0,0.0004283852839527
0,rear wing,6,16,205,0.429,2.208026889898749e-06,1,0.0006043369597652
0,200 mph,6,17,205,0.456,3.3365127737519804e-06,1,0.0008749255532224
0,help,5,11,205,0.295,5.343184280786606e-06,0,0.0013071995867274
0,defensive,8,39,205,1.046,7.004239877890408e-06,0,0.0016461342007115
0,extra pace,4,6,205,0.161,7.215017595482552e-06,1,0.0016926431279002
0,slipstream,11,80,205,2.145,8.148109183883437e-06,0,0.0019047437582595
0,200,6,20,205,0.536,9.768229095637313e-06,0,0.0022435504644553
0,ll,16,172,205,4.611,1.3553455036795396e-05,0,0.0029431383618413
0,drs getting,3,3,205,0.08,1.899228386524465e-05,1,0.003898641070438
0,drs goes,3,3,205,0.08,1.899228386524465e-05,1,0.003898641070438
0,drs ll,3,3,205,0.08,1.899228386524465e-05,1,0.003898641070438
0,drs main,3,3,205,0.08,1.899228386524465e-05,1,0.003898641070438
0,drs range,3,3,205,0.08,1.899228386524465e-05,1,0.003898641070438
0,drs right,3,3,205,0.08,1.899228386524465e-05,1,0.003898641070438
0,drs turn,3,3,205,0.08,1.899228386524465e-05,1,0.003898641070438
0,line drs,3,3,205,0.08,1.899228386524465e-05,1,0.003898641070438
0,right drs,3,3,205,0.08,1.899228386524465e-05,1,0.003898641070438
0,straight drs,3,3,205,0.08,1.899228386524465e-05,1,0.003898641070438
0,wing open,3,3,205,0.08,1.899228386524465e-05,1,0.003898641070438
0,main straight,7,33,205,0.885,2.121132350998157e-05,1,0.0043338395605712
0,mph,6,24,205,0.643,3.100831537865289e-05,0,0.0062005303518811
0,drs wide,3,4,205,0.107,7.446346774481713e-05,1,0.0137397648011841
0,speed advantage,3,4,205,0.107,7.446346774481713e-05,1,0.0137397648011841
0,speed drs,3,4,205,0.107,7.446346774481713e-05,1,0.0137397648011841
0,chance,11,105,205,2.815,0.0001078796315048,0,0.0190750934974095
0,main,7,42,205,1.126,0.0001091557612487,0,0.0192231196914445
0,range,3,5,205,0.134,0.0001824736938989,0,0.0299284194877207
0,advantage,8,62,205,1.662,0.0002268519151462,0,0.0354796395288711
1,penalty,107,111,118,1.713,4.309058096281701e-222,0,9.435113607618412e-218
1,time penalty,43,44,118,0.679,9.474632608801935e-81,1,4.978957334455852e-77
1,second penalty,39,40,118,0.617,7.992273600740579e-73,1,3.620665298520325e-69
1,second,83,566,118,8.734,4.649299476250304e-68,0,1.9087698999745626e-64
1,second time,41,63,118,0.972,9.105283686544096e-62,1,3.0672198707779928e-58
1,10 second,27,29,118,0.447,2.0130350498347347e-48,1,5.185578288374277e-45
1,causing collision,19,19,118,0.293,8.395579530041334e-36,1,1.59851834251987e-32
1,penalty causing,19,19,118,0.293,8.395579530041334e-36,1,1.59851834251987e-32
1,collision,21,25,118,0.386,1.6866068058445042e-35,0,3.120840221473628e-32
1,causing,20,23,118,0.355,1.8597310812106547e-34,0,3.3469045277415206e-31
1,10,28,98,118,1.512,6.98561569098513e-29,0,1.0925502940700746e-25
1,time,45,484,118,7.469,1.9615145987892982e-24,0,2.5019023488402215e-21
1,penalty forcing,9,9,118,0.139,3.6455760869395805e-17,1,3.421008599984103e-14
1,got second,10,14,118,0.216,4.945026495737952e-16,1,4.419440822476661e-13
1,forcing,11,19,118,0.293,5.01430795082952e-16,0,4.4510791982985073e-13
1,given second,8,8,118,0.123,2.531686884375588e-15,1,2.1184897842148228e-12
1,track,23,192,118,2.963,9.300985796117431e-15,0,7.405613999701354e-12
1,unsafe release,7,7,118,0.108,1.7425304321287835e-13,1,1.264788276526801e-10
1,given,13,49,118,0.756,2.365140572089376e-13,0,1.679582204317912e-10
1,gaining advantage,8,11,118,0.17,4.018929377098735e-13,1,2.764350082961902e-10
1,leaving track,8,11,118,0.17,4.018929377098735e-13,1,2.764350082961902e-10
1,track gaining,8,11,118,0.17,4.018929377098735e-13,1,2.764350082961902e-10
1,release,8,12,118,0.185,1.1902484248780518e-12,0,7.857792817426077e-10
1,unsafe,7,9,118,0.139,6.114634043252299e-12,0,3.6185412705689823e-09
1,leaving,8,14,118,0.216,7.0372097330141885e-12,0,4.145831685580592e-09
1,penalty leaving,6,6,118,0.093,1.1888102707050032e-11,1,6.850049917725461e-09
1,forcing driver,6,7,118,0.108,8.217120069007293e-11,1,4.232456643366798e-08
1,driver track,5,5,118,0.077,8.03972397232534e-10,1,3.667454085375744e-07
1,given 10,5,5,118,0.077,8.03972397232534e-10,1,3.667454085375744e-07
1,penalty speeding,5,5,118,0.077,8.03972397232534e-10,1,3.667454085375744e-07
1,speeding pit,5,5,118,0.077,8.03972397232534e-10,1,3.667454085375744e-07
1,advantage,11,62,118,0.957,1.93318683370718e-09,0,8.409746803480614e-07
1,speeding,5,7,118,0.108,1.646995054278465e-08,0,6.439750662228798e-06
1,gaining,8,33,118,0.509,2.5476552288722e-08,0,9.673432177696938e-06
1,got penalty,4,5,118,0.077,2.662911732202039e-07,1,8.491327469169298e-05
1,penalty hanging,3,3,118,0.046,3.582803457587863e-06,1,0.000921124045096
1,penalty unsafe,3,3,118,0.046,3.582803457587863e-06,1,0.000921124045096
1,risk penalty,3,3,118,0.046,3.582803457587863e-06,1,0.000921124045096
1,gets second,3,6,118,0.093,6.925932971174835e-05,1,0.0128881213884003
2,lights away,41,56,54,0.395,3.913882098276145e-85,1,2.337228066105122e-81
2,lights,45,105,54,0.741,1.2837403509069726e-79,0,6.48664124387517e-76
2,away,41,194,54,1.37,3.7779529760634417e-56,0,1.078983369963719e-52
2,away gets,6,7,54,0.049,6.487360881147078e-13,1,4.3263123001095346e-10
2,away getting,4,5,54,0.035,1.1048688573222971e-08,1,4.452553711643377e-06
2,start,11,205,54,1.448,1.370653572208984e-07,0,4.593647543431823e-05
2,lights lights,3,3,54,0.021,3.329431617512975e-07,1,0.0001041446209958
2,away ahead,3,4,54,0.028,1.3251085570329306e-06,1,0.000377630068956
2,start good,3,4,54,0.028,1.3251085570329306e-06,1,0.000377630068956
2,getting away,3,7,54,0.049,1.1421592032052388e-05,1,0.0026050747826439
2,better start,3,8,54,0.056,1.8183187496220507e-05,1,0.0037978289992105
2,gets away,3,14,54,0.099,0.0001146923471038,1,0.0200369970653196
2,away comes,2,3,54,0.021,0.0001461812562681,1,0.0244334716583774
2,reaction,4,42,54,0.297,0.0002037759828004,0,0.0329695486655049
2,better,5,78,54,0.551,0.0002076203231165,0,0.0335502184129833
2,gets better,2,4,54,0.028,0.0002910374039792,1,0.0447196841931936
3,mirrors,22,25,47,0.154,1.432135924619428e-48,0,3.8397610047510614e-45
3,mirror,18,24,47,0.148,4.916019857261533e-37,0,9.785560981327138e-34
3,checking,11,16,47,0.098,5.724423045985567e-22,0,6.655325682207079e-19
3,scarlet,9,14,47,0.086,1.0876529971307716e-17,0,1.0663544787391961e-14
3,checks,8,10,47,0.061,4.852953562501904e-17,0,4.4898706142764086e-14
3,checking mirrors,6,6,47,0.037,3.873862314764348e-14,1,2.9762136576870235e-11
3,checking left,5,6,47,0.037,4.209781518344629e-11,1,2.26665678997559e-08
3,hand mirror,5,6,47,0.037,4.209781518344629e-11,1,2.26665678997559e-08
3,left mirror,4,4,47,0.025,1.2528449532196404e-09,1,5.617534422327081e-07
3,looking mirrors,4,4,47,0.025,1.2528449532196404e-09,1,5.617534422327081e-07
3,left,10,132,47,0.811,5.020738601732565e-09,0,2.1141171619910816e-06
3,checks mirrors,3,3,47,0.018,2.1765333687297569e-07,1,7.095390765514653e-05
3,looking,8,122,47,0.75,6.228443953239511e-07,0,0.0001838804613035
3,checks mirror,3,4,47,0.025,8.66854812632244e-07,1,0.0002491989449986
3,driving mirrors,3,4,47,0.025,8.66854812632244e-07,1,0.0002491989449986
3,left hand,5,37,47,0.227,2.6528396490195897e-06,1,0.0007156457119704
3,sees,4,22,47,0.135,8.450298191988534e-06,0,0.0019718763326299
3,hand,5,64,47,0.393,4.0998531395724966e-05,0,0.0079914288733601
3,check,3,15,47,0.092,9.4026950642819e-05,0,0.0168755255022554
3,doesn need,2,3,47,0.018,0.0001104953440191,1,0.0194329803425219
3,having look,2,4,47,0.025,0.0002201238332257,1,0.0352045692637203
3,rival title,2,4,47,0.025,0.0002201238332257,1,0.0352045692637203
3,trying retake,2,4,47,0.025,0.0002201238332257,1,0.0352045692637203
4,launch,38,59,42,0.324,8.816107040459043e-83,0,5.0357603415102055e-79
4,launch line,19,23,42,0.126,7.957505955011493e-42,1,1.8340794777992807e-38
4,good launch,13,17,42,0.093,1.2320400544452285e-27,1,1.7984499354755152e-24
4,line,23,345,42,1.895,1.11502065496168e-20,0,1.2106359798863278e-17
4,good,15,215,42,1.181,1.6810494858170068e-13,0,1.2269419847149726e-10
4,got good,4,11,42,0.06,2.523099025798211e-07,1,8.104514856070065e-05
4,got launch,3,4,42,0.022,6.140238315501128e-07,1,0.0001820947965998
4,gets launch,3,5,42,0.027,1.5291865165733828e-06,1,0.0004292701021396
4,chops,3,9,42,0.049,1.2649786079222804e-05,0,0.0028408175999042
4,pole sitter,3,9,42,0.049,1.2649786079222804e-05,1,0.0028408175999042
4,sitter,3,9,42,0.049,1.2649786079222804e-05,0,0.0028408175999042
4,chop,3,10,42,0.055,1.8002036483094508e-05,0,0.0037840568720048
4,got,13,668,42,3.669,3.605240787901284e-05,0,0.0071117434497195
4,initial launch,2,3,42,0.016,8.804637885196075e-05,1,0.015981754402115
4,great launch,2,4,42,0.022,0.0001754787338723,1,0.0289619273130862
5,rain,32,42,43,0.236,1.253534829152077e-70,0,5.489479723822776e-67
5,rain coming,4,5,43,0.028,4.3164981136147456e-09,1,1.8293040521750024e-06
5,wet,5,16,43,0.09,1.845802559474085e-08,0,7.174383344777143e-06
5,minutes,4,9,43,0.051,1.070107080457516e-07,0,3.63272319902291e-05
5,rain falling,3,3,43,0.017,1.6565278016339152e-07,1,5.537608052607055e-05
5,falling,3,7,43,0.039,5.707385082657329e-06,0,0.0013859767516066
5,light,3,13,43,0.073,4.555110861171706e-05,0,0.0088394718537266
5,expected,3,14,43,0.079,5.7746973566270894e-05,0,0.0109316518721072
5,track,7,192,43,1.08,8.445500638500863e-05,0,0.0154316563544323
5,extraordinary,3,16,43,0.09,8.814680094813818e-05,0,0.015981754402115
5,class,2,3,43,0.017,9.233324353838992e-05,0,0.0166057313508225
5,lasting,2,3,43,0.017,9.233324353838992e-05,0,0.0166057313508225
5,temperature,3,19,43,0.107,0.0001507406609121,0,0.0251635388411576
5,10 minutes,2,4,43,0.022,0.0001840064764707,1,0.0301046511243068
5,30,2,5,43,0.028,0.0003055817596059,0,0.0467358664144189
6,grand,445,516,465,31.377,0.0,0,0.0
6,grand prix,445,516,465,31.377,0.0,1,0.0
6,prix,454,527,465,32.046,0.0,0,0.0
6,wins,88,123,465,7.479,2.6008637852995223e-81,0,1.4237128360729583e-77
6,wins grand,32,34,465,2.067,2.190825743846994e-37,1,4.497217545681917e-34
6,lead grand,28,29,465,1.763,1.1216801505979733e-33,1,1.9389717298020964e-30
6,british,20,22,465,1.338,6.668130120172779e-23,0,8.111409839516843e-20
6,british grand,20,22,465,1.338,6.668130120172779e-23,1,8.111409839516843e-20
6,win,42,148,465,9.0,5.783933235187658e-18,0,5.756591005348589e-15
6,place grand,15,16,465,0.973,7.009989534600305e-18,1,6.924393872914659e-15
6,dutch,12,12,465,0.73,2.2342729894910666e-15,0,1.8816015914575536e-12
6,dutch grand,12,12,465,0.73,2.2342729894910666e-15,1,1.8816015914575536e-12
6,prix victory,11,11,465,0.669,3.7579093717519356e-14,1,2.9041123624898947e-11
6,lead,57,325,465,19.763,1.28737644710439e-13,0,9.448623917027171e-11
6,prix underway,17,32,465,1.946,3.869486699735847e-13,1,2.704030237577109e-10
6,australian,11,12,465,0.73,4.263721217258307e-13,0,2.8873744259717905e-10
6,australian grand,11,12,465,0.73,4.263721217258307e-13,1,2.8873744259717905e-10
6,saudi,11,12,465,0.73,4.263721217258307e-13,0,2.8873744259717905e-10
6,win grand,10,10,465,0.608,6.307506345509786e-13,1,4.227831396161703e-10
6,belgian,11,13,465,0.791,2.6204174923566218e-12,0,1.6630916351490024e-09
6,belgian grand,11,13,465,0.791,2.6204174923566218e-12,1,1.6630916351490024e-09
6,italian,11,13,465,0.791,2.6204174923566218e-12,0,1.6630916351490024e-09
6,italian grand,11,13,465,0.791,2.6204174923566218e-12,1,1.6630916351490024e-09
6,lap grand,9,9,465,0.547,1.0565073128728895e-11,1,6.1688757660439445e-09
6,victory,25,85,465,5.169,1.514828236012094e-11,0,8.65269888410108e-09
6,grands,10,12,465,0.73,3.724293564868429e-11,0,2.0302190513616374e-08
6,grands prix,10,12,465,0.73,3.724293564868429e-11,1,2.0302190513616374e-08
6,underway,18,47,465,2.858,8.247388417229175e-11,0,4.232456643366798e-08
6,winner,17,43,465,2.615,1.5394087056635463e-10,0,7.689785479667454e-08
6,arabian,8,8,465,0.486,1.7660086133557995e-10,0,8.624949724469573e-08
6,arabian grand,8,8,465,0.486,1.7660086133557995e-10,1,8.624949724469573e-08
6,prix winner,8,8,465,0.486,1.7660086133557995e-10,1,8.624949724469573e-08
6,saudi arabian,8,8,465,0.486,1.7660086133557995e-10,1,8.624949724469573e-08
6,takes,33,158,465,9.608,2.3000458116817436e-10,0,1.0988029765654573e-07
6,victories,11,17,465,1.034,3.3235480045178276e-10,0,1.5762976268647446e-07
6,prix win,8,9,465,0.547,1.5048871669903879e-09,1,6.67925866386923e-07
6,canadian,8,10,465,0.608,7.124539932646618e-09,0,2.941968529710007e-06
6,canadian grand,8,10,465,0.608,7.124539932646618e-09,1,2.941968529710007e-06
6,takes lead,14,36,465,2.189,8.571824848250664e-09,1,3.508199567799935e-06
6,azerbaijan,7,8,465,0.486,2.2331140356744057e-08,0,8.603448373922602e-06
6,azerbaijan grand,7,8,465,0.486,2.2331140356744057e-08,1,8.603448373922602e-06
6,austrian,8,11,465,0.669,2.473577770376605e-08,0,9.419384149594112e-06
6,austrian grand,8,11,465,0.669,2.473577770376605e-08,1,9.419384149594112e-06
6,start grand,8,11,465,0.669,2.473577770376605e-08,1,9.419384149594112e-06
6,formula grand,6,6,465,0.365,4.9040875200473156e-08,1,1.7847074848579944e-05
6,started grand,6,6,465,0.365,4.9040875200473156e-08,1,1.7847074848579944e-05
6,hungarian,7,9,465,0.547,9.52230265208819e-08,0,3.278924365381073e-05
6,hungarian grand,7,9,465,0.547,9.52230265208819e-08,1,3.278924365381073e-05
6,japanese,7,9,465,0.547,9.52230265208819e-08,0,3.278924365381073e-05
6,japanese grand,7,9,465,0.547,9.52230265208819e-08,1,3.278924365381073e-05
6,spanish,8,13,465,0.791,1.730050384991892e-07,0,5.739573216633707e-05
6,spanish grand,8,13,465,0.791,1.730050384991892e-07,1,5.739573216633707e-05
6,row,14,46,465,2.797,3.079249867467681e-07,0,9.67797920068024e-05
6,prix going,6,7,465,0.426,3.256106166137423e-07,1,0.0001020940820244
6,prix year,7,11,465,0.669,7.83874334225344e-07,1,0.0002288494989626
6,leads grand,5,5,465,0.304,8.14718191917426e-07,1,0.0002362790666254
6,prix comes,5,5,465,0.304,8.14718191917426e-07,1,0.0002362790666254
6,end grand,6,9,465,0.547,3.515901083112447e-06,1,0.0009201295232967
6,abu,5,6,465,0.365,4.64310477550219e-06,0,0.0011552888882317
6,abu dhabi,5,6,465,0.365,4.64310477550219e-06,1,0.0011552888882317
6,dhabi,5,6,465,0.365,4.64310477550219e-06,0,0.0011552888882317
6,dhabi grand,5,6,465,0.365,4.64310477550219e-06,1,0.0011552888882317
6,prix second,5,6,465,0.365,4.64310477550219e-06,1,0.0011552888882317
6,prix victories,5,6,465,0.365,4.64310477550219e-06,1,0.0011552888882317
6,time wins,5,6,465,0.365,4.64310477550219e-06,1,0.0011552888882317
6,year,20,107,465,6.506,5.392685851444166e-06,0,0.0013168578000359
6,emilia,4,4,465,0.243,1.350735605385008e-05,0,0.002937984120746
6,emilia romagna,4,4,465,0.243,1.350735605385008e-05,1,0.002937984120746
6,lead british,4,4,465,0.243,1.350735605385008e-05,1,0.002937984120746
6,line wins,4,4,465,0.243,1.350735605385008e-05,1,0.002937984120746
6,position grand,4,4,465,0.243,1.350735605385008e-05,1,0.002937984120746
6,prix grand,4,4,465,0.243,1.350735605385008e-05,1,0.002937984120746
6,prix time,4,4,465,0.243,1.350735605385008e-05,1,0.002937984120746
6,retirement grand,4,4,465,0.243,1.350735605385008e-05,1,0.002937984120746
6,romagna,4,4,465,0.243,1.350735605385008e-05,0,0.002937984120746
6,romagna grand,4,4,465,0.243,1.350735605385008e-05,1,0.002937984120746
6,wins abu,4,4,465,0.243,1.350735605385008e-05,1,0.002937984120746
6,wins australian,4,4,465,0.243,1.350735605385008e-05,1,0.002937984120746
6,wins austrian,4,4,465,0.243,1.350735605385008e-05,1,0.002937984120746
6,wins azerbaijan,4,4,465,0.243,1.350735605385008e-05,1,0.002937984120746
6,wins belgian,4,4,465,0.243,1.350735605385008e-05,1,0.002937984120746
6,wins british,4,4,465,0.243,1.350735605385008e-05,1,0.002937984120746
6,won grand,4,4,465,0.243,1.350735605385008e-05,1,0.002937984120746
6,second grand,5,7,465,0.426,1.5436840172723303e-05,1,0.0032710166363414
6,ends,5,8,465,0.486,3.9105825384954265e-05,0,0.0076680103220503
6,started,13,60,465,3.648,4.86629446379269e-05,0,0.0094294144760358
6,chinese,4,5,465,0.304,6.427790750158071e-05,0,0.0120287428015779
6,chinese grand,4,5,465,0.304,6.427790750158071e-05,1,0.0120287428015779
6,moment grand,4,5,465,0.304,6.427790750158071e-05,1,0.0120287428015779
6,prix lights,4,5,465,0.304,6.427790750158071e-05,1,0.0120287428015779
6,prix row,4,5,465,0.304,6.427790750158071e-05,1,0.0120287428015779
6,victories row,4,5,465,0.304,6.427790750158071e-05,1,0.0120287428015779
6,grid,13,62,465,3.77,6.997270688772273e-05,0,0.0130024530977106
6,final,18,108,465,6.567,7.84042313851838e-05,0,0.0144466119249087
6,home,16,90,465,5.473,8.825407275520565e-05,0,0.015981754402115
6,winning,6,15,465,0.912,0.0001528376480825,0,0.0253525238061858
6,10th grid,3,3,465,0.182,0.0002234853456182,1,0.0352045692637203
6,fifth grand,3,3,465,0.182,0.0002234853456182,1,0.0352045692637203
6,final grand,3,3,465,0.182,0.0002234853456182,1,0.0352045692637203
6,lead saudi,3,3,465,0.182,0.0002234853456182,1,0.0352045692637203
6,leading grand,3,3,465,0.182,0.0002234853456182,1,0.0352045692637203
6,meters grand,3,3,465,0.182,0.0002234853456182,1,0.0352045692637203
6,prix got,3,3,465,0.182,0.0002234853456182,1,0.0352045692637203
6,saudi grand,3,3,465,0.182,0.0002234853456182,1,0.0352045692637203
6,seventh grand,3,3,465,0.182,0.0002234853456182,1,0.0352045692637203
6,stop grand,3,3,465,0.182,0.0002234853456182,1,0.0352045692637203
6,winner australian,3,3,465,0.182,0.0002234853456182,1,0.0352045692637203
6,wins canadian,3,3,465,0.182,0.0002234853456182,1,0.0352045692637203
6,wins dutch,3,3,465,0.182,0.0002234853456182,1,0.0352045692637203
6,wins emilia,3,3,465,0.182,0.0002234853456182,1,0.0352045692637203
6,wins italian,3,3,465,0.182,0.0002234853456182,1,0.0352045692637203
6,wins japanese,3,3,465,0.182,0.0002234853456182,1,0.0352045692637203
6,opening,11,52,465,3.162,0.000231674428358,0,0.0361049344009069
6,retirement,6,16,465,0.973,0.0002320698918004,0,0.0361237133947527
6,leads,16,98,465,5.959,0.0002483102656452,0,0.0385147691374414
7,lights,34,105,36,0.494,7.744030555905868e-64,0,2.749675022466728e-60
7,red lights,12,13,36,0.061,1.9605050513015198e-28,1,2.960497834710213e-25
7,prix underway,15,32,36,0.151,2.235158962216871e-28,1,3.3368891343204963e-25
7,underway,16,47,36,0.221,1.5815780148983831e-27,0,2.283312014124066e-24
7,grand,25,516,36,2.429,9.17599734655323e-22,0,1.030346861026305e-18
7,grand prix,25,516,36,2.429,9.17599734655323e-22,1,1.030346861026305e-18
7,prix,25,527,36,2.481,1.548988549702379e-21,0,1.7245755907262692e-18
7,red,12,38,36,0.179,3.7966146378109685e-20,0,4.022451973040757e-17
7,lights time,8,9,36,0.042,9.394670077193953e-19,1,9.567706791173897e-16
7,lights away,10,56,36,0.264,4.188327199429522e-14,1,3.1991027566991444e-11
7,green flag,7,26,36,0.122,1.7036406153200745e-11,1,9.564849977704705e-09
7,begins,5,9,36,0.042,2.1533469218585103e-10,0,1.0324748365185534e-07
7,racing lights,4,4,36,0.019,4.137517560586601e-10,1,1.9344146157993786e-07
7,green,7,48,36,0.226,1.772098906948008e-09,0,7.786329966528479e-07
7,away,10,194,36,0.913,1.254733932151894e-08,0,5.041037463926214e-06
7,come lights,4,8,36,0.038,2.8576548363341423e-08,1,1.07881397062711e-05
7,away formula,3,3,36,0.014,9.58399522215878e-08,1,3.278924365381073e-05
7,begins lights,3,3,36,0.014,9.58399522215878e-08,1,3.278924365381073e-05
7,flag,8,132,36,0.621,1.2842204140803136e-07,0,4.314980591309853e-05
7,racing,8,144,36,0.678,2.5219777705701297e-07,0,8.104514856070065e-05
7,time grand,3,6,36,0.028,1.8982425083485603e-06,1,0.0005247244703962
7,time,10,484,36,2.279,5.3496083930214e-05,0,0.0102450459510434
7,begins red,2,3,36,0.014,6.445800551326614e-05,1,0.0120287428015779
7,lights grand,2,3,36,0.014,6.445800551326614e-05,1,0.0120287428015779
7,flag come,2,4,36,0.019,0.0001285338924729,1,0.0217326494948797
7,formula goes,2,4,36,0.019,0.0001285338924729,1,0.0217326494948797
8,flag,100,132,118,2.037,2.648539777740515e-179,0,2.4853897274316994e-175
8,checkered,26,32,118,0.494,3.5510215163713263e-43,0,8.482163686087259e-40
8,checkered flag,26,32,118,0.494,3.5510215163713263e-43,1,8.482163686087259e-40
8,yellow,24,31,118,0.478,6.758742723523548e-39,0,1.4556337443370977e-35
8,green,25,48,118,0.741,8.12717927649353e-34,0,1.4236217395048188e-30
8,yellow flag,18,21,118,0.324,8.205177498799505e-31,1,1.330819011212696e-27
8,chequered,15,16,118,0.247,4.237346421214184e-27,0,5.8598486677203645e-24
8,chequered flag,15,16,118,0.247,4.237346421214184e-27,1,5.8598486677203645e-24
8,green flag,17,26,118,0.401,1.3499537468997185e-25,1,1.791429529825226e-22
8,red flag,10,19,118,0.293,4.2776345176038536e-14,1,3.248430707426149e-11
8,red,12,38,118,0.586,1.9956034429326552e-13,0,1.4405186698830796e-10
8,flag flies,6,6,118,0.093,1.1888102707050032e-11,1,6.850049917725461e-09
8,sees checkered,6,6,118,0.093,1.1888102707050032e-11,1,6.850049917725461e-09
8,sees,9,22,118,0.339,1.5328955577545628e-11,0,8.717995099375041e-09
8,nation driver,13,75,118,1.157,8.156131357232425e-11,1,4.232456643366798e-08
8,flag sector,6,7,118,0.108,8.217120069007293e-11,1,4.232456643366798e-08
8,flies,6,7,118,0.108,8.217120069007293e-11,0,4.232456643366798e-08
8,got yellow,6,7,118,0.108,8.217120069007293e-11,1,4.232456643366798e-08
8,flags,6,10,118,0.154,2.3734114717985203e-09,0,1.0290736155742654e-06
8,sector,8,28,118,0.432,6.082196565540875e-09,0,2.536681447601581e-06
8,nation,14,127,118,1.96,7.143526678978597e-09,0,2.941968529710007e-06
8,black,4,4,118,0.062,5.39014125618268e-08,0,1.9400964319787827e-05
8,flag fly,4,4,118,0.062,5.39014125618268e-08,1,1.9400964319787827e-05
8,driver,15,207,118,3.194,5.718529561447497e-07,0,0.0001703577187448
8,fly,4,6,118,0.093,7.893447319208916e-07,0,0.0002299355953455
8,driver checkered,3,3,118,0.046,3.582803457587863e-06,1,0.000921124045096
8,driver look,3,3,118,0.046,3.582803457587863e-06,1,0.000921124045096
8,flag flying,3,3,118,0.046,3.582803457587863e-06,1,0.000921124045096
8,flag wins,3,3,118,0.046,3.582803457587863e-06,1,0.000921124045096
8,sees chequered,3,3,118,0.046,3.582803457587863e-06,1,0.000921124045096
8,racing,11,144,118,2.222,1.2294522736630784e-05,0,0.0027752666993945
8,going green,3,4,118,0.062,1.4169509592665963e-05,1,0.0030170721106095
8,waved,3,4,118,0.062,1.4169509592665963e-05,0,0.0030170721106095
8,yellow flags,3,5,118,0.077,3.502433722183461e-05,1,0.0069297550103249
9,formula,128,176,134,3.084,2.62616297658948e-228,0,6.90029574424839e-224
9,formula world,13,15,134,0.263,8.292276885178547e-22,1,9.473097113627972e-19
9,time formula,12,20,134,0.35,5.694376147610613e-17,1,5.23149902635309e-14
9,podium formula,9,11,134,0.193,6.350658529958364e-15,1,5.214525718948813e-12
9,podium,24,185,134,3.242,7.399096436734935e-15,0,5.963580941549011e-12
9,formula career,7,8,134,0.14,3.420005220261239e-12,1,2.139555265795431e-09
9,world championship,14,72,134,1.262,1.6326631400227453e-11,1,9.20569754006988e-09
9,world,18,145,134,2.541,4.905973029621479e-11,0,2.6307229091410266e-08
9,championship,18,170,134,2.979,7.043131224660026e-10,0,3.258092985108929e-07
9,career,9,34,134,0.596,4.305878733055161e-09,0,1.8293040521750024e-06
9,best formula,4,4,134,0.07,9.019409685700697e-08,1,3.1514201246505703e-05
9,formula 2025,4,4,134,0.07,9.019409685700697e-08,1,3.1514201246505703e-05
9,formula podium,4,4,134,0.07,9.019409685700697e-08,1,3.1514201246505703e-05
9,2025,6,16,134,0.28,1.7947675655300142e-07,0,5.909508363134615e-05
9,time,26,484,134,8.481,2.1305676517404e-07,0,6.962822283956388e-05
9,champion,10,75,134,1.314,6.139985559599058e-07,0,0.0001820947965998
9,returns,4,6,134,0.105,1.3163516836166817e-06,0,0.0003767691041107
9,personal,4,7,134,0.123,3.0297318973067047e-06,0,0.0008041591552545
9,welcome,4,7,134,0.123,3.0297318973067047e-06,0,0.0008041591552545
9,champion formula,3,3,134,0.053,5.2629288272897815e-06,1,0.0012923785749794
9,formula 2022,3,3,134,0.053,5.2629288272897815e-06,1,0.0012923785749794
9,formula champion,3,3,134,0.053,5.2629288272897815e-06,1,0.0012923785749794
9,formula returns,3,3,134,0.053,5.2629288272897815e-06,1,0.0012923785749794
9,welcome formula,3,3,134,0.053,5.2629288272897815e-06,1,0.0012923785749794
9,season,11,122,134,2.138,8.502824577310531e-06,0,0.0019806153930296
9,victory,9,85,134,1.489,1.5884885881286177e-05,0,0.0033497476204492
9,win formula,3,4,134,0.07,2.0781133018588098e-05,1,0.0042591920927457
9,personal best,3,5,134,0.088,5.128558150348488e-05,1,0.0098648529364594
9,sport,3,5,134,0.088,5.128558150348488e-05,0,0.0098648529364594
9,win,11,148,134,2.593,5.258346508123696e-05,0,0.010084971253303
9,time year,3,6,134,0.105,0.0001012548113233,1,0.017976286611374
9,victory formula,3,6,134,0.105,0.0001012548113233,1,0.017976286611374
9,2023,3,7,134,0.123,0.0001749236208928,0,0.0289066234194013
9,stand,4,17,134,0.298,0.0001797317500866,0,0.0296266479289695
9,driving,5,31,134,0.543,0.0001806050065616,0,0.0296772082724316
9,best,7,73,134,1.279,0.0002698875815354,0,0.0415671171298975
10,chicane,60,91,62,0.738,3.805996918773695e-124,0,3.125104070005081e-120
10,second chicane,7,9,62,0.073,5.778097373598779e-14,1,4.313087048601779e-11
10,going chicane,6,7,62,0.057,1.5427460070349992e-12,1,1.0033653436645052e-09
10,goes chicane,3,3,62,0.024,5.076564415995029e-07,1,0.0001529675978705
10,braking,6,84,62,0.681,5.516850352770268e-05,0,0.0104737244500801
10,bold,3,12,62,0.097,0.0001060049638573,0,0.0187688788837225
10,chicane going,2,3,62,0.024,0.0001930363619182,1,0.0314644479942517
10,make chicane,2,3,62,0.024,0.0001930363619182,1,0.0314644479942517
11,thank,21,43,55,0.309,1.1840717085025306e-35,0,2.2222657825175492e-32
11,job,14,36,55,0.259,5.582607384070425e-22,0,6.5483984615146085e-19
11,mate,13,31,55,0.223,5.615384552806223e-21,0,6.1477230084122536e-18
11,weekend,15,61,55,0.439,4.959509475156681e-20,0,5.212484134465473e-17
11,guys,14,49,55,0.352,9.300050527266124e-20,0,9.696852683096144e-17
11,amazing,8,24,55,0.173,2.8387025290009937e-12,0,1.7929681896636275e-09
11,fantastic,7,15,55,0.108,4.1297272760099104e-12,0,2.5591842010050848e-09
11,thanks,7,19,55,0.137,3.163159603104856e-11,0,1.7534314599894665e-08
11,unbelievable,7,19,55,0.137,3.163159603104856e-11,0,1.7534314599894665e-08
11,great job,4,6,55,0.043,3.555121924518103e-08,1,1.3231096259362332e-05
11,thank guys,4,6,55,0.043,3.555121924518103e-08,1,1.3231096259362332e-05
11,drive,8,73,55,0.525,3.9636806654184434e-08,0,1.4605877630631642e-05
11,good job,4,7,55,0.05,8.251012629610776e-08,1,2.9139382667412504e-05
11,yeah,13,298,55,2.143,1.2238703807548824e-07,0,4.122748593385985e-05
11,awesome,3,3,55,0.022,3.521514210831031e-07,0,0.0001083620117074
11,deserve,3,3,55,0.022,3.521514210831031e-07,0,0.0001083620117074
11,job guys,3,3,55,0.022,3.521514210831031e-07,1,0.0001083620117074
11,job mate,3,3,55,0.022,3.521514210831031e-07,1,0.0001083620117074
11,weekend thank,3,3,55,0.022,3.521514210831031e-07,1,0.0001083620117074
11,great,9,133,55,0.957,3.586705569510919e-07,0,0.0001100951006775
11,love,5,25,55,0.18,7.613619905936681e-07,0,0.0002232694037415
11,nice,6,51,55,0.367,1.4698412583487072e-06,0,0.0004152728282942
11,good,10,215,55,1.546,2.4217703675043527e-06,0,0.0006587215399611
11,world champions,3,7,55,0.05,1.2075769834307554e-05,1,0.0027321214802921
11,yes,6,78,55,0.561,1.8065150347141367e-05,0,0.0037912574952173
11,difficult,4,24,55,0.173,2.28740101234719e-05,0,0.0046303481571359
11,beautiful,3,10,55,0.072,4.077290136464642e-05,0,0.0079592580827366
11,really really,3,10,55,0.072,4.077290136464642e-05,1,0.0079592580827366
11,champions,3,13,55,0.094,9.569843062431232e-05,0,0.0171520832492491
11,year,6,107,55,0.77,0.0001083441734606,0,0.0191287170907906
11,really good,3,14,55,0.101,0.0001211780746822,1,0.0205683342887069
11,really,7,160,55,1.151,0.0001343463254519,0,0.0226131385184894
11,congrats,2,3,55,0.022,0.0001516842413567,0,0.0251930074494063
11,executed,2,3,55,0.022,0.0001516842413567,0,0.0251930074494063
11,good weekend,2,3,55,0.022,0.0001516842413567,1,0.0251930074494063
11,yes yes,2,3,55,0.022,0.0001516842413567,1,0.0251930074494063
12,podium,127,185,139,3.363,1.910639514411779e-214,0,3.585888240648026e-210
12,podium places,14,18,139,0.327,6.360106216540184e-22,1,7.329520300913886e-19
12,home,22,90,139,1.636,1.774808867073894e-19,0,1.8216194509429681e-16
12,place podium,8,9,139,0.164,8.634772529543659e-14,1,6.373044246299594e-11
12,comes home,10,28,139,0.509,2.8245840324482257e-11,1,1.57907468871029e-08
12,podium place,6,6,139,0.109,3.239645456797348e-11,1,1.788284292152136e-08
12,completes,8,15,139,0.273,5.630424694060189e-11,0,3.0069214414912655e-08
12,places,15,94,139,1.709,9.979428237456986e-11,0,5.04252832355442e-08
12,finish,12,53,139,0.963,1.1386277984869751e-10,0,5.7313550059013356e-08
12,completes podium,7,11,139,0.2,1.7508749891378847e-10,1,8.624949724469573e-08
12,podium finish,6,8,139,0.145,8.802383222008822e-10,1,4.00145985527554e-07
12,complete podium,5,6,139,0.109,1.0923407539478942e-08,1,4.415611042789494e-06
12,step,7,19,139,0.345,2.3669808795709948e-08,0,9.092528655980088e-06
12,step podium,6,12,139,0.218,2.7353931306522796e-08,1,1.0356340286241322e-05
12,stand podium,5,7,139,0.127,3.7673446871512265e-08,1,1.3981318520315806e-05
12,come home,6,13,139,0.236,5.0043171869745975e-08,1,1.8161524164529687e-05
12,podium season,4,5,139,0.091,5.156074829371742e-07,1,0.0001543017054176
12,rostrum,4,5,139,0.091,5.156074829371742e-07,0,0.0001543017054176
12,complete,6,22,139,0.4,1.901175617377865e-06,0,0.0005247244703962
12,career podium,3,3,139,0.055,5.879109920669612e-06,1,0.00140688858066
12,double podium,3,3,139,0.055,5.879109920669612e-06,1,0.00140688858066
12,final podium,3,3,139,0.055,5.879109920669612e-06,1,0.00140688858066
12,gonna podium,3,3,139,0.055,5.879109920669612e-06,1,0.00140688858066
12,seventh podium,3,3,139,0.055,5.879109920669612e-06,1,0.00140688858066
12,home second,5,16,139,0.291,6.865516644253153e-06,1,0.0016164231445437
12,stand,5,17,139,0.309,9.584527014181198e-06,0,0.0022052133467864
12,season,11,122,139,2.218,1.2082591797967202e-05,0,0.0027321214802921
12,time,23,484,139,8.798,1.7728222927400827e-05,0,0.0037324727809458
12,home podium,3,4,139,0.073,2.3202641036991216e-05,1,0.004689646413655
12,career,6,34,139,0.618,2.8636529482920004e-05,0,0.0057437445761039
12,campaign,3,6,139,0.109,0.0001129414071024,0,0.0197573772296757
12,finish season,3,6,139,0.109,0.0001129414071024,1,0.0197573772296757
12,final,9,108,139,1.963,0.000142331577341,0,0.0238203226812237
12,home finish,3,7,139,0.127,0.000195016428517,1,0.0317478046008145
12,return,3,8,139,0.145,0.0003078760286445,0,0.0469773764682943
12,place,24,622,139,11.306,0.0003104170161697,0,0.0472553255113756
13,championship,74,170,158,3.512,2.5487695453510849e-85,0,1.594510227571639e-81
13,world,67,145,158,2.996,8.987306418325403e-79,0,4.373023585236734e-75
13,world championship,33,72,158,1.488,1.361631631277593e-37,1,2.839455828424206e-34
13,champion,33,75,158,1.55,7.630600325558294e-37,0,1.4962354453291737e-33
13,world champion,19,49,158,1.012,3.59674665812109e-20,1,3.841676332986312e-17
13,title,15,42,158,0.868,1.6666108145443913e-15,0,1.4217705348804153e-12
13,constructors,12,25,158,0.517,1.641467259960622e-14,0,1.2913137888897403e-11
13,win,23,148,158,3.058,2.0793670923741767e-14,0,1.6260650662366062e-11
13,time world,10,20,158,0.413,1.6496212873164648e-12,1,1.0675893903570831e-09
13,championship leader,10,22,158,0.455,5.57209680421697e-12,1,3.312397238691441e-09
13,trophy,7,10,158,0.207,1.6042799369592724e-10,0,7.98348034083187e-08
13,2025,8,16,158,0.331,3.1126569825971335e-10,0,1.481624723716236e-07
13,points,15,110,158,2.273,5.93016170556541e-09,0,2.4811494402240805e-06
13,leader,11,58,158,1.198,2.03857436568305e-08,0,7.90028748867187e-06
13,2024,6,11,158,0.227,3.0022485981035976e-08,0,1.1301530424769576e-05
13,seven time,6,12,158,0.248,5.902243211644968e-08,1,2.112842245703186e-05
13,champions,6,13,158,0.269,1.0774689957225677e-07,0,3.6482878036610325e-05
13,time champion,4,4,158,0.083,1.755454122102887e-07,1,5.794586450889168e-05
13,world title,4,4,158,0.083,1.755454122102887e-07,1,5.794586450889168e-05
13,championship battle,5,9,158,0.186,4.1668288108334557e-07,1,0.0001270119029819
13,champion world,4,5,158,0.103,8.635786934050301e-07,1,0.0002491989449986
13,championship lead,5,11,158,0.227,1.477366202909264e-06,1,0.0004165031379257
13,constructors championship,5,12,158,0.248,2.490468896332704e-06,1,0.0006760079374475
13,constructors title,3,3,158,0.062,8.65722019958353e-06,1,0.0020094539945944
13,gap world,3,3,158,0.062,8.65722019958353e-06,1,0.0020094539945944
13,2022,5,15,158,0.31,8.979612533105063e-06,0,0.0020806094817446
13,seven,7,45,158,0.93,3.3016253334955665e-05,0,0.0065820080396557
13,constructors champions,3,4,158,0.083,3.410224456170325e-05,1,0.0067676986125956
13,tally,3,4,158,0.083,3.410224456170325e-05,0,0.0067676986125956
13,win world,3,4,158,0.083,3.410224456170325e-05,1,0.0067676986125956
13,time,24,484,158,10.0,5.00209585605902e-05,0,0.0096498582259267
13,today,8,65,158,1.343,5.1682578266888486e-05,0,0.0099266818748402
13,championship points,3,5,158,0.103,8.396024336415057e-05,1,0.0153626196827418
13,score,4,13,158,0.269,0.0001084741066301,0,0.0191287170907906
13,contenders,4,15,158,0.31,0.0002005010933311,0,0.0326002866800369
13,winner,6,43,158,0.888,0.0002291809192924,0,0.0358012752116183
14,pit,139,235,185,5.685,1.2838551889027002e-189,0,1.2974443022867777e-185
14,pit stop,50,90,185,2.177,3.561775496004228e-59,1,1.1698295439076288e-55
14,lane,47,75,185,1.814,3.907736023110247e-59,0,1.2223398280288855e-55
14,pit lane,45,69,185,1.669,9.08489317603288e-58,1,2.775667269522083e-54
14,stop,63,254,185,6.145,1.932515592611335e-48,0,5.077723369898135e-45
14,pits,41,108,185,2.613,1.5315971915856653e-39,0,3.353585210695973e-36
14,coming pit,7,7,185,0.169,4.335822507184865e-12,1,2.674286468093516e-09
14,comes pit,6,8,185,0.194,4.9763513569803726e-09,1,2.102164424034256e-06
14,come pits,6,13,185,0.315,2.756007696732476e-07,1,8.745731090964388e-05
14,comes,23,286,185,6.919,3.409541373440812e-07,0,0.0001063971276667
14,coming,18,187,185,4.524,5.225482542803128e-07,0,0.0001560234078507
14,come pit,4,5,185,0.121,1.6276148442866943e-06,1,0.0004549564420915
14,pitted,7,27,185,0.653,2.552583253495368e-06,0,0.0006914395412602
14,stops,7,28,185,0.677,3.334377037731974e-06,0,0.0008749255532224
14,slow,10,67,185,1.621,4.038354720241241e-06,0,0.0010261951445385
14,fast lane,4,6,185,0.145,4.790401289592939e-06,1,0.0011896857463545
14,second pit,4,7,185,0.169,1.096613401619537e-05,1,0.0025055423000203
14,come,17,210,185,5.08,1.1732863772015193e-05,0,0.0026668109185333
14,coming pits,5,14,185,0.339,1.3165273144329834e-05,1,0.002937984120746
14,60 kilometers,3,3,185,0.073,1.3935988122618614e-05,1,0.0029818475172591
14,high pressure,3,3,185,0.073,1.3935988122618614e-05,1,0.0029818475172591
14,pit crew,3,3,185,0.073,1.3935988122618614e-05,1,0.0029818475172591
14,slow pit,3,3,185,0.073,1.3935988122618614e-05,1,0.0029818475172591
14,started pit,3,3,185,0.073,1.3935988122618614e-05,1,0.0029818475172591
14,starting pit,3,3,185,0.073,1.3935988122618614e-05,1,0.0029818475172591
14,time pit,3,3,185,0.073,1.3935988122618614e-05,1,0.0029818475172591
14,make pit,4,8,185,0.194,2.15176239656094e-05,1,0.0043895952889843
14,60,3,4,185,0.097,5.4748524767430266e-05,0,0.0104090335598349
14,called pits,3,4,185,0.097,5.4748524767430266e-05,1,0.0104090335598349
14,exit pit,3,4,185,0.097,5.4748524767430266e-05,1,0.0104090335598349
14,pits comes,3,4,185,0.097,5.4748524767430266e-05,1,0.0104090335598349
14,starting,5,21,185,0.508,0.0001165711520111,0,0.0203112091069188
14,cheap,3,5,185,0.121,0.0001344298896521,0,0.0226131385184894
14,crews,3,5,185,0.121,0.0001344298896521,0,0.0226131385184894
14,called,4,12,185,0.29,0.0001409951540479,0,0.0236267593854652
14,crew,4,12,185,0.29,0.0001409951540479,0,0.0236267593854652
14,pit stops,4,12,185,0.29,0.0001409951540479,1,0.0236267593854652
14,fast,5,24,185,0.581,0.0002295427266218,0,0.0358152081385682
14,going pit,3,6,185,0.145,0.0002640693780146,1,0.0407666023572961
14,kilometers hour,3,6,185,0.145,0.0002640693780146,1,0.0407666023572961
14,pits going,3,6,185,0.145,0.0002640693780146,1,0.0407666023572961
15,tires,170,207,379,10.259,8.548963210618656e-201,0,1.4039107384477957e-196
15,tire,96,120,379,5.947,8.063112635747663e-107,0,5.575260450705184e-103
15,tyres,58,67,379,3.321,7.58018174353541e-68,0,3.0177392628445704e-64
15,hard,74,123,379,6.096,1.5595679508024914e-66,0,6.026170561900828e-63
15,medium,49,63,379,3.122,1.06711671446037e-52,0,2.9828409676371397e-49
15,compound,31,35,379,1.735,4.662676931056549e-37,0,9.424059146069004e-34
15,tyre,30,36,379,1.784,3.4561501467214413e-34,0,6.135880833455081e-31
15,soft,31,43,379,2.131,9.506572204684592e-32,0,1.5611692874533032e-28
15,fresher,27,39,379,1.933,5.3917967985143846e-27,0,7.378673918766936e-24
15,compound tire,17,17,379,0.843,4.6461533039666614e-23,1,5.758424872282302e-20
15,fresher tires,18,21,379,1.041,2.55489503184338e-21,1,2.8206041151550917e-18
15,hard compound,16,17,379,0.843,1.5860789842265685e-20,1,1.7079730543586036e-17
15,medium tires,16,18,379,0.892,1.3635643736325708e-19,1,1.4105482925224616e-16
15,hard tires,17,24,379,1.189,1.166656354418519e-17,1,1.1353381127265731e-14
15,intermediate,16,21,379,1.041,1.5807283308022997e-17,0,1.5158377020984155e-14
15,temperature,15,19,379,0.942,6.610464263154614e-17,0,6.030946896084728e-14
15,hard tyres,12,12,379,0.595,1.858325504899571e-16,1,1.672187476244425e-13
15,set,19,37,379,1.834,8.072694498750775e-16,0,7.070388749785879e-13
15,hard tire,15,21,379,1.041,8.445767032941644e-16,1,7.348152912051267e-13
15,medium tire,13,15,379,0.743,8.562778251715265e-16,1,7.400944444719373e-13
15,tires going,11,13,379,0.644,2.747854811016274e-13,1,1.9304929072303424e-10
15,soft tire,10,11,379,0.545,8.393073004669757e-13,1,5.568931106371181e-10
15,soft tires,11,15,379,0.743,4.393469099331832e-12,1,2.6971794224010223e-09
15,intermediate tires,10,12,379,0.595,4.814703067718803e-12,1,2.928409399188081e-09
15,rubber,15,34,379,1.685,1.5945915553483096e-11,0,9.029787076527566e-09
15,hard tyre,8,8,379,0.396,3.392164019935993e-11,1,1.864639917502557e-08
15,fresh,10,15,379,0.743,1.9147176358145152e-10,0,9.282211960249733e-08
15,slick,10,15,379,0.743,1.9147176358145152e-10,0,9.282211960249733e-08
15,traction,17,55,379,2.726,5.559796214276131e-10,0,2.590155274633833e-07
15,medium compound,7,7,379,0.347,6.966702449545965e-10,1,3.234125445270497e-07
15,rear,20,85,379,4.213,3.503750236758121e-09,0,1.5092088232929017e-06
15,new,15,49,379,2.429,6.825192994984698e-09,0,2.837552388952879e-06
15,medium tyre,6,6,379,0.297,1.4271467404016276e-08,1,5.630415320330457e-06
15,set tires,6,6,379,0.297,1.4271467404016276e-08,1,5.630415320330457e-06
15,compound tires,6,7,379,0.347,9.572025035838637e-08,1,3.278924365381073e-05
15,fired,6,7,379,0.347,9.572025035838637e-08,0,3.278924365381073e-05
15,grip,16,70,379,3.469,2.049507943973627e-07,0,6.714617347817435e-05
15,pits,20,108,379,5.353,2.5515720649001305e-07,0,8.15609079314646e-05
15,new set,6,8,379,0.396,3.6687326999882173e-07,1,0.0001120891691148
15,pirelli,6,8,379,0.396,3.6687326999882173e-07,0,0.0001120891691148
15,set hard,5,6,379,0.297,1.6783093031108127e-06,1,0.0004651678544419
15,softs,5,6,379,0.297,1.6783093031108127e-06,0,0.0004651678544419
15,better,15,78,379,3.866,5.050185418029398e-06,0,0.0012518361499604
15,cold,5,7,379,0.347,5.63478193499188e-06,0,0.0013708798360953
15,warm,5,7,379,0.347,5.63478193499188e-06,0,0.0013708798360953
15,12 laps,4,4,379,0.198,5.94342316912019e-06,1,0.00140688858066
15,compound tyre,4,4,379,0.198,5.94342316912019e-06,1,0.00140688858066
15,new tires,4,4,379,0.198,5.94342316912019e-06,1,0.00140688858066
15,rear axle,4,4,379,0.198,5.94342316912019e-06,1,0.00140688858066
15,tire temperature,4,4,379,0.198,5.94342316912019e-06,1,0.00140688858066
15,tires got,4,4,379,0.198,5.94342316912019e-06,1,0.00140688858066
15,tires lot,4,4,379,0.198,5.94342316912019e-06,1,0.00140688858066
15,younger,4,4,379,0.198,5.94342316912019e-06,0,0.00140688858066
15,rid,6,12,379,0.595,1.0209229742781331e-05,0,0.0023366685830795
15,window,6,13,379,0.644,1.8170558400197155e-05,0,0.0037978289992105
15,axle,4,5,379,0.248,2.8550671418847013e-05,0,0.0057352798292392
15,try end,4,5,379,0.248,2.8550671418847013e-05,1,0.0057352798292392
15,end,18,127,379,6.294,4.88752080477419e-05,0,0.0094565969550517
15,harder,4,6,379,0.297,8.229539565031939e-05,0,0.015078995674974
15,soft compound,4,6,379,0.297,8.229539565031939e-05,1,0.015078995674974
15,tires just,4,6,379,0.297,8.229539565031939e-05,1,0.015078995674974
15,working,7,23,379,1.14,8.53819674437955e-05,0,0.0155577549998558
15,bring,7,24,379,1.189,0.0001154559485201,0,0.0201436131378181
15,bring tires,3,3,379,0.149,0.00012082852847,1,0.0205355352603969
15,fresh tires,3,3,379,0.149,0.00012082852847,1,0.0205355352603969
15,got tyres,3,3,379,0.149,0.00012082852847,1,0.0205355352603969
15,intermediate tyres,3,3,379,0.149,0.00012082852847,1,0.0205355352603969
15,laps younger,3,3,379,0.149,0.00012082852847,1,0.0205355352603969
15,temperature window,3,3,379,0.149,0.00012082852847,1,0.0205355352603969
15,tire grip,3,3,379,0.149,0.00012082852847,1,0.0205355352603969
15,tire medium,3,3,379,0.149,0.00012082852847,1,0.0205355352603969
15,tire run,3,3,379,0.149,0.00012082852847,1,0.0205355352603969
15,tire way,3,3,379,0.149,0.00012082852847,1,0.0205355352603969
15,tires gets,3,3,379,0.149,0.00012082852847,1,0.0205355352603969
15,tires getting,3,3,379,0.149,0.00012082852847,1,0.0205355352603969
15,tires make,3,3,379,0.149,0.00012082852847,1,0.0205355352603969
15,tires ve,3,3,379,0.149,0.00012082852847,1,0.0205355352603969
15,tyres fired,3,3,379,0.149,0.00012082852847,1,0.0205355352603969
15,tyres got,3,3,379,0.149,0.00012082852847,1,0.0205355352603969
15,warming,3,3,379,0.149,0.00012082852847,0,0.0205355352603969
15,faster,5,12,379,0.595,0.0001727352840191,0,0.028580945432371
15,fresher rubber,5,12,379,0.595,0.0001727352840191,1,0.028580945432371
15,mediums,5,13,379,0.644,0.000269338237531,0,0.0415311975280241
16,safety,106,138,122,2.202,4.705245785221953e-191,0,5.61960336617563e-187
16,safety car,105,134,122,2.138,1.9018827289077827e-190,1,2.082181211608241e-186
16,car,109,400,122,6.382,2.616874421554752e-130,0,2.2919632933745134e-126
16,virtual,34,38,122,0.606,3.698028432862923e-59,0,1.1849565448678036e-55
16,virtual safety,33,37,122,0.59,2.8293332371125475e-57,1,8.447874621793138e-54
16,deployed,14,18,122,0.287,9.36185839184222e-23,0,1.1283701909051957e-19
16,car deployed,11,14,122,0.223,3.7726343067660934e-18,1,3.783462631188566e-15
16,car safety,7,7,122,0.112,2.213882779127836e-13,1,1.5893500764519048e-10
16,ending,7,11,122,0.175,6.928510040445117e-11,0,3.670322318844829e-08
16,car ending,5,5,122,0.08,9.52506623089031e-10,1,4.315052072929122e-07
16,going safety,4,4,122,0.064,6.16949840700802e-08,1,2.1906054668083398e-05
16,got safety,4,4,122,0.064,6.16949840700802e-08,1,2.1906054668083398e-05
16,lapped cars,4,4,122,0.064,6.16949840700802e-08,1,2.1906054668083398e-05
16,timing,5,10,122,0.16,2.2511280560871977e-07,0,7.302325913494116e-05
16,car coming,4,5,122,0.08,3.04664893858045e-07,1,9.598478440166552e-05
16,lapped,4,5,122,0.08,3.04664893858045e-07,0,9.598478440166552e-05
16,allowed overtake,3,3,122,0.048,3.962995447325152e-06,1,0.0010089970734259
16,need safety,3,3,122,0.048,3.962995447325152e-06,1,0.0010089970734259
16,barrier,6,32,122,0.511,9.407639724816684e-06,0,0.0021683124148903
16,car ll,3,4,122,0.064,1.566689683709037e-05,1,0.003309090416189
16,impact,3,4,122,0.064,1.566689683709037e-05,0,0.003309090416189
16,end lap,4,14,122,0.223,5.4552082110891846e-05,1,0.0104090335598349
16,cars,8,87,122,1.388,6.797926369120997e-05,0,0.0126678634704913
16,surprised,3,7,122,0.112,0.0001323458656744,0,0.022348419600061
16,barriers,5,35,122,0.558,0.0002106769716966,0,0.0340023314909268
17,seconds,34,143,67,1.253,2.3530377503150905e-42,0,5.5202265622392006e-39
17,gap,22,89,67,0.78,3.162934359717772e-27,0,4.468103918734215e-24
17,tenths,8,28,67,0.245,6.112632399127658e-11,0,3.251227506347349e-08
17,hour,7,20,67,0.175,2.0370955419657407e-10,0,9.803130546567442e-08
17,miles hour,5,9,67,0.079,5.441924090712818e-09,1,2.284147665627754e-06
17,tenths second,6,19,67,0.166,8.934550610093985e-09,1,3.645296648918346e-06
17,gap seconds,4,7,67,0.061,1.8473024078166425e-07,1,6.06728002823298e-05
17,miles,5,17,67,0.149,2.531498146991089e-07,0,8.111660989246374e-05
17,half,6,46,67,0.403,2.5629341924986115e-06,0,0.0006928149022092
17,extra,5,28,67,0.245,3.73191415429702e-06,0,0.0009538598325582
17,20,4,17,67,0.149,1.1758453725367263e-05,0,0.002668011427675
17,pace,6,69,67,0.605,2.801700944439772e-05,0,0.0056540132607791
17,10 seconds,3,8,67,0.07,3.48937265284024e-05,1,0.0069143261182434
17,second,15,566,67,4.959,8.497236478913321e-05,0,0.0155046241618571
17,10,6,98,67,0.859,0.0002017148622469,0,0.0326763153422319
17,12 miles,2,3,67,0.026,0.0002256035562149,1,0.0353264514914097
17,gap come,2,3,67,0.026,0.0002256035562149,1,0.0353264514914097
17,gap tenths,2,3,67,0.026,0.0002256035562149,1,0.0353264514914097
17,second gap,2,3,67,0.026,0.0002256035562149,1,0.0353264514914097
17,tenths quicker,2,3,67,0.026,0.0002256035562149,1,0.0353264514914097
18,teammate,65,175,600,13.731,1.5131522709054223e-28,0,2.3387281499114207e-25
18,team,38,101,600,7.925,2.676740469653529e-17,0,2.5299241434618853e-14
18,ahead teammate,8,12,600,0.942,5.120275120071924e-07,1,0.0001539316393992
18,ahead,56,417,600,32.719,3.830506858175194e-05,0,0.0075222222570945
18,past,48,369,600,28.953,0.0002991218022169,0,0.0458546393092828
19,lead,68,325,115,4.888,3.497820913392372e-65,0,1.3129420580509609e-61
19,leads,39,98,115,1.474,1.116327926919348e-47,0,2.820359571672236e-44
19,leads second,5,8,115,0.12,3.8089366559157725e-08,1,1.409585527063635e-05
19,lead second,4,4,115,0.06,4.855965648468853e-08,1,1.7770399527388414e-05
19,maintains lead,5,9,115,0.135,8.467380833771857e-08,1,2.9823341137201372e-05
19,holds lead,5,10,115,0.15,1.6731819428642377e-07,1,5.579085048876449e-05
19,lead comes,4,5,115,0.075,2.399773367896337e-07,1,7.765335615289388e-05
19,holds,6,22,115,0.331,6.222174982850967e-07,0,0.0001838804613035
19,leads comes,4,7,115,0.105,1.6410558113628797e-06,1,0.0004577395929376
19,maintains,5,16,115,0.241,2.69796554611091e-06,0,0.0007263277081677
19,leads inside,3,3,115,0.045,3.3141965550799915e-06,1,0.0008725568870144
19,leads leads,3,4,115,0.06,1.3111107250865904e-05,1,0.002937984120746
19,takes lead,6,36,115,0.541,1.3681249770340612e-05,1,0.002965986583875
19,maintain lead,3,7,115,0.105,0.0001109862668676,1,0.019467198659546
20,wing,36,61,61,0.487,4.513681672100567e-65,0,1.6471928982052338e-61
20,puncture,14,23,61,0.183,6.590519124041368e-25,0,8.57263406376296e-22
20,damage,16,53,61,0.423,3.807340153093455e-22,0,4.506244323899151e-19
20,damaged,9,12,61,0.096,1.5272015052915582e-17,0,1.475276654111645e-14
20,got puncture,5,8,61,0.064,1.5029913659975386e-09,1,6.67925866386923e-07
20,contact,12,150,61,1.197,1.5909618660650215e-09,0,7.013899534099272e-07
20,bit contact,4,4,61,0.032,3.665536417247977e-09,1,1.5635178972479553e-06
20,damage wing,4,4,61,0.032,3.665536417247977e-09,1,1.5635178972479553e-06
20,damaged wing,4,4,61,0.032,3.665536417247977e-09,1,1.5635178972479553e-06
20,rear,8,85,61,0.678,3.043959014228055e-07,0,9.598478440166552e-05
20,wing endplate,3,3,61,0.024,4.830924202317852e-07,1,0.0001459005742537
20,think,11,210,61,1.675,6.463637766053763e-07,0,0.0001903961603482
20,endplate,3,4,61,0.032,1.9213730716753963e-06,0,0.0005280801436494
20,ripped,3,4,61,0.032,1.9213730716753963e-06,0,0.0005280801436494
20,rear wing,4,16,61,0.128,6.209363216972985e-06,1,0.0014645624811365
20,wing damage,2,3,61,0.024,0.0001868257585157,1,0.0305278866303032
21,braking,51,84,128,1.406,4.856621907715218e-73,0,2.2787269990999805e-69
21,brakes,39,105,128,1.758,4.100922247730853e-44,0,1.016533511731865e-40
21,braking zone,20,33,128,0.552,3.066335181913297e-28,1,4.526324166955521e-25
21,zone,20,51,128,0.854,3.2469929950827703e-23,0,4.062637635447562e-20
21,brake,13,25,128,0.418,1.9127683957440657e-17,0,1.8209555127483504e-14
21,late,18,112,128,1.875,2.399564887408324e-13,0,1.6948668636997634e-10
21,late braking,7,11,128,0.184,9.750164747136617e-11,1,4.9457051884935154e-08
21,brake pedal,5,5,128,0.084,1.2157058941376166e-09,1,5.488473455265415e-07
21,pedal,5,6,128,0.1,7.196399834219231e-09,0,2.954481951938705e-06
21,lock,8,56,128,0.937,3.58259840595825e-06,0,0.000921124045096
21,brakes just,3,3,128,0.05,4.582277245041565e-06,1,0.0011552888882317
21,way traffic,3,3,128,0.05,4.582277245041565e-06,1,0.0011552888882317
21,outside brakes,3,4,128,0.067,1.81043112346285e-05,1,0.0037934162563964
21,curb,5,23,128,0.385,3.209932128041182e-05,0,0.0064089368275613
21,brakes late,3,5,128,0.084,4.470607795809169e-05,1,0.0086883220381986
21,late brakes,5,27,128,0.452,7.298498316149794e-05,1,0.0135239423805711
21,rear,8,85,128,1.423,8.088300563675161e-05,0,0.0148824730371622
21,super late,3,6,128,0.1,8.831714845889272e-05,1,0.015981754402115
21,zone turn,3,6,128,0.1,8.831714845889272e-05,1,0.015981754402115
22,wheel,64,138,71,1.281,9.688405375126476e-111,0,7.487199673897739e-107
22,wheel wheel,51,90,71,0.836,1.5341493701818175e-89,1,1.0077520382850324e-85
22,going wheel,16,27,71,0.251,6.0203180736431184e-27,1,8.089149423643866e-24
22,wheel turn,6,8,71,0.074,1.4257399817716707e-11,1,8.179389338219869e-09
22,wheel goes,3,3,71,0.028,7.671894214600634e-07,1,0.0002244772325918
22,goes wheel,3,4,71,0.037,3.04828324288135e-06,1,0.0008041591552545
22,went wheel,3,4,71,0.037,3.04828324288135e-06,1,0.0008041591552545
22,wheel action,3,4,71,0.037,3.04828324288135e-06,1,0.0008041591552545
22,wheel gets,3,4,71,0.037,3.04828324288135e-06,1,0.0008041591552545
22,wheels,5,29,71,0.269,5.975195195783857e-06,0,0.0014118655468368
22,went,7,100,71,0.928,3.550479713629857e-05,0,0.0070142529753058
23,racetrack,58,86,72,0.81,1.603602072534758e-110,0,1.1704156993407019e-106
23,corner racetrack,5,6,72,0.056,3.8293589188830467e-10,1,1.7967352047399257e-07
23,turn racetrack,4,6,72,0.056,1.0685672948469417e-07,1,3.63272319902291e-05
23,turns racetrack,2,3,72,0.028,0.0002606919184424,1,0.0403875724968131
24,car,42,400,60,3.138,7.207941405555886e-41,0,1.6326732932695004e-37
24,cars,13,87,60,0.683,7.106660184872667e-14,0,5.2748281833210806e-11
24,car length,6,7,60,0.055,1.2566712036630058e-12,1,8.254821802621553e-10
24,car lengths,6,8,60,0.063,4.9962358189817026e-12,1,2.983570349793365e-09
24,length,6,8,60,0.063,4.9962358189817026e-12,0,2.983570349793365e-09
24,lengths,6,8,60,0.063,4.9962358189817026e-12,0,2.983570349793365e-09
24,couple car,4,5,60,0.039,1.7025482354103232e-08,1,6.637209999266071e-06
24,width,4,6,60,0.047,5.0777099707839666e-08,0,1.837711363971665e-05
24,got car,4,9,60,0.071,4.190741997064134e-07,1,0.00012729468158
24,length ahead,3,3,60,0.024,4.593337766138284e-07,1,0.0001390447793465
24,car ahead,4,12,60,0.094,1.6176051344205832e-06,1,0.0004531225845194
24,car width,3,5,60,0.039,4.542110742305925e-06,1,0.0011497578822373
24,flat floor,3,6,60,0.047,9.033444384904008e-06,1,0.0020857254648702
24,floor,3,11,60,0.086,7.24678897993932e-05,0,0.0134470925004026
24,flat,3,12,60,0.094,9.60846513543841e-05,0,0.0171744451106579
24,couple,5,63,60,0.494,0.0001245225243864,0,0.0211087369855415
24,positions car,2,3,60,0.024,0.000180716162906,1,0.0296772082724316
25,driver,49,207,69,1.868,2.8583314421495315e-63,0,9.882003987995709e-60
25,nation driver,27,75,69,0.677,2.533029012140562e-38,1,5.367406766112555e-35
25,nation,28,127,69,1.146,6.196075134968726e-33,0,1.0571630739372097e-29
25,drivers,13,69,69,0.623,2.0941987648813825e-14,0,1.6279731179589138e-11
25,driver getting,3,3,69,0.027,7.032826970165087e-07,1,0.0002066990326694
25,board nation,3,4,69,0.036,2.7949138893207087e-06,1,0.0007493563410681
25,driver trying,3,4,69,0.036,2.7949138893207087e-06,1,0.0007493563410681
25,contract,2,3,69,0.027,0.0002393365488757,0,0.0372107437220082
26,fight,30,114,110,1.64,8.976054730324143e-31,0,1.43809532469642e-27
26,defend,19,40,110,0.575,2.0299433510792208e-25,0,2.6668583769138373e-22
26,battle,20,110,110,1.582,3.707750937769621e-17,0,3.454677214187387e-14
26,defensive,11,39,110,0.561,3.930718586880926e-12,0,2.4474032467775763e-09
26,going fight,6,10,110,0.144,1.548335449299253e-09,1,6.848960201587161e-07
26,try defend,3,4,110,0.058,1.1466121616566967e-05,1,0.0026106987755599
26,defended,3,5,110,0.072,2.836454482281913e-05,0,0.0057153687739918
26,try fight,4,15,110,0.216,4.8970301005364e-05,1,0.0094610621542363
26,defense,4,21,110,0.302,0.0002008798706073,0,0.0326215004708409
26,fights,4,22,110,0.316,0.0002428128914049,0,0.0377066033347671
26,going,26,894,110,12.86,0.000300542089104,0,0.0460186684127476
27,inside,126,469,762,46.734,1.9575379240874423e-27,0,2.7953641555968684e-24
27,door,22,47,762,4.683,9.141001197383428e-11,0,4.65468284227692e-08
27,corner,50,226,762,22.52,3.418611031601194e-08,0,1.2795539683408504e-05
27,gets away,10,14,762,1.395,6.2971651724882e-08,1,2.229909357684124e-05
27,past,69,369,762,36.77,1.213968507786273e-07,0,4.099905570152427e-05
27,outside,64,338,762,33.681,2.2313663619665026e-07,0,7.25613829627998e-05
27,open door,8,10,762,0.996,3.521996331072589e-07,1,0.0001083620117074
27,getaway,10,19,762,1.893,3.643996070937439e-06,0,0.0009332039528566
27,space,18,58,762,5.78,7.398922301346413e-06,0,0.0017326930771153
27,ahead,68,417,762,41.553,2.26894786866004e-05,0,0.0046000817159426
27,close,36,189,762,18.833,9.239731471083988e-05,0,0.0166057313508225
27,goes corner,4,4,762,0.399,9.78974645822363e-05,1,0.0174273405243304
27,leads corner,4,4,762,0.399,9.78974645822363e-05,1,0.0174273405243304
27,past outside,4,4,762,0.399,9.78974645822363e-05,1,0.0174273405243304
27,goes,67,431,762,42.948,0.0001193508869504,0,0.0205355352603969
27,inside goes,7,15,762,1.495,0.0002981442275881,1,0.0457581729481539
27,inside line,20,88,762,8.769,0.0003189726351721,1,0.0485015612481231
28,turn,71,574,82,6.155,1.4345387222237676e-69,0,6.079482553899023e-66
28,run turn,7,14,82,0.15,4.0596943043798645e-11,1,2.2039107393892936e-08
28,abreast,4,7,82,0.075,4.195484496723434e-07,0,0.00012729468158
28,way turn,5,21,82,0.225,2.22963052533874e-06,1,0.0006079353009495
28,run,8,104,82,1.115,1.3849597098965877e-05,0,0.0029818475172591
28,heading turn,4,15,82,0.161,1.532528229064524e-05,1,0.0032526240488139
28,outside turn,4,24,82,0.257,0.0001108457012522,1,0.019467198659546
29,turn,55,574,60,4.504,4.551194816366288e-57,0,1.32870615598875e-53
29,turn 11,17,20,60,0.157,1.5043882585724903e-34,1,2.7450071091419376e-31
29,11,17,30,60,0.235,1.498201619921332e-29,0,2.3714185062504202e-26
29,turn 10,7,9,60,0.071,4.5396248847336893e-14,1,3.407987193467275e-11
29,turn seven,6,8,60,0.063,4.9962358189817026e-12,1,2.983570349793365e-09
29,13,5,14,60,0.11,4.7595250877245306e-08,0,1.746612759566754e-05
29,turn 12,5,16,60,0.126,1.0260302036198633e-07,1,3.501188156643199e-05
29,12,6,35,60,0.275,2.458187953415956e-07,0,7.934813281768419e-05
29,inside turn,5,19,60,0.149,2.6825679767066144e-07,1,8.533294201157583e-05
29,seven,6,45,60,0.353,1.1608455943594666e-06,0,0.0003329852637654
29,heading turn,4,15,60,0.118,4.382784617909838e-06,1,0.0011115689420125
29,heading,6,58,60,0.455,5.3308109616553e-06,0,0.0013066056360045
29,coming turn,4,16,60,0.126,5.809511817092454e-06,1,0.00140688858066
29,turn 13,3,6,60,0.047,9.033444384904008e-06,1,0.0020857254648702
29,10,7,98,60,0.769,1.0143291925110652e-05,0,0.0023256284815939
29,14,4,20,60,0.157,1.5106670717045432e-05,0,0.003211414194373
29,turn 14,3,12,60,0.094,9.60846513543841e-05,1,0.0171744451106579
29,away turn,2,3,60,0.024,0.000180716162906,1,0.0296772082724316
30,lap,135,325,136,5.78,1.792944500783715e-197,0,2.617220852610681e-193
30,fastest lap,25,49,136,0.871,7.952331488702437e-32,1,1.3224626603288244e-28
30,fastest,25,70,136,1.245,6.034105495045509e-27,0,8.089149423643866e-24
30,opening,15,52,136,0.925,6.596226137535117e-15,0,5.349295092869219e-12
30,previous lap,8,8,136,0.142,8.14459329549935e-15,1,6.5244151755458696e-12
30,opening lap,11,21,136,0.373,1.1352018832423828e-14,1,8.984233892340439e-12
30,previous,8,11,136,0.196,1.2847044082508916e-12,0,8.39698140986911e-10
30,lap lap,6,7,136,0.124,1.9556809077100502e-10,1,9.445938784239544e-08
30,turn lap,5,7,136,0.124,3.37473350382736e-08,1,1.2667399679966378e-05
30,lap goes,4,6,136,0.107,1.397060203051244e-06,1,0.0003955607354225
30,lap going,4,6,136,0.107,1.397060203051244e-06,1,0.0003955607354225
30,lap time,4,6,136,0.107,1.397060203051244e-06,1,0.0003955607354225
30,quicker,6,23,136,0.409,2.23042880783157e-06,0,0.0006079353009495
30,end lap,5,14,136,0.249,2.9094497527241887e-06,1,0.0007768940461664
30,middle,6,33,136,0.587,2.114213809671677e-05,0,0.0043264322968757
30,corners lap,3,4,136,0.071,2.1728511993584583e-05,1,0.0044188931759584
30,sector lap,3,4,136,0.071,2.1728511993584583e-05,1,0.0044188931759584
30,seconds,11,143,136,2.543,4.3925144938822944e-05,0,0.0085491997651597
30,middle sector,4,13,136,0.231,6.042769852268755e-05,1,0.0114226608936929
30,lap number,3,6,136,0.107,0.0001058288759873,1,0.0187629884098764
30,sector,5,28,136,0.498,0.0001168849198402,0,0.020338904938976
30,point fastest,3,7,136,0.124,0.0001827894249576,1,0.0299428223107633
30,seconds away,3,8,136,0.142,0.000288658531969,1,0.0444060928524201
31,race,157,476,162,10.084,3.748911590902564e-193,0,4.925170091664153e-189
31,lead race,28,38,162,0.805,4.723288661428242e-40,1,1.0517402901420284e-36
31,lead,42,325,162,6.885,2.589556389131887e-22,0,3.0927778198053713e-19
31,race leader,10,27,162,0.572,8.533164270853936e-11,1,4.3620738881233735e-08
31,leader,13,58,162,1.229,1.477357288933089e-10,0,7.40798821339212e-08
31,takes lead,9,36,162,0.763,3.9689884865846855e-08,1,1.4605877630631642e-05
31,race lead,6,17,162,0.36,8.407597290217307e-07,1,0.0002432943836122
31,start race,5,11,162,0.233,1.6723067006270983e-06,1,0.0004651678544419
31,started race,4,6,162,0.127,2.8173784525012297e-06,1,0.0007538409604395
31,win race,4,9,162,0.191,2.251315397606341e-05,1,0.0045713881248211
31,going lead,4,10,162,0.212,3.690324037744735e-05,1,0.0072577845925561
31,race going,4,10,162,0.212,3.690324037744735e-05,1,0.0072577845925561
31,race control,4,11,162,0.233,5.703520247848749e-05,1,0.0108124917183459
31,lap race,5,21,162,0.445,6.202052294403191e-05,1,0.0117069083653665
31,race far,3,5,162,0.106,9.047057467645626e-05,1,0.0163264590916128
31,review,3,5,162,0.106,9.047057467645626e-05,0,0.0163264590916128
31,place race,4,15,162,0.318,0.0002207708771807,1,0.0352045692637203
31,retake lead,3,7,162,0.148,0.000306867629194,1,0.0468779554104573
32,fourth,15,157,45,0.924,5.017357541447522e-15,0,4.145662668963583e-12
32,place,23,622,45,3.66,4.3577494046890144e-14,0,3.290251067761057e-11
32,position,15,380,45,2.236,1.8595874751835094e-09,0,8.143505471323625e-07
32,fourth place,7,51,45,0.3,1.4329595932136816e-08,1,5.636422141258701e-06
32,second,13,566,45,3.331,1.3976656308533292e-05,0,0.0029856865027477
32,second place,7,155,45,0.912,2.9175526709370794e-05,1,0.0058429329222108
32,couple positions,2,4,45,0.024,0.0002016640905416,1,0.0326763153422319
33,seventh,27,67,122,1.069,3.5390953986426977e-32,0,5.960925603744654e-29
33,place,55,622,122,9.923,1.5378201430361335e-28,0,2.3492169664129657e-25
33,sixth,24,81,122,1.292,7.700267535394656e-25,0,9.917944585588318e-22
33,fifth,19,90,122,1.436,9.549017122301478e-17,0,8.651804644548131e-14
33,sixth place,12,26,122,0.415,1.255821938840234e-15,1,1.0783324381508145e-12
33,eighth,16,68,122,1.085,4.738311336521936e-15,0,3.939875887005733e-12
33,seventh place,10,21,122,0.335,2.238874216593241e-13,1,1.5985561906475737e-10
33,11th,10,26,122,0.415,3.152778691546268e-12,0,1.98181556641427e-09
33,position,28,380,122,6.063,4.788654517401778e-12,0,2.9261129110612834e-09
33,fifth place,9,34,122,0.542,1.865871349426632e-09,1,8.143877554892797e-07
33,sixth position,8,25,122,0.399,2.872530455605944e-09,1,1.2413867142621268e-06
33,10th,8,29,122,0.463,1.0807059324803622e-08,0,4.382062425479632e-06
33,ninth,8,55,122,0.877,2.1678667970799016e-06,0,0.0005945838587331
33,12th,5,16,122,0.255,3.613173901917572e-06,0,0.0009271178408951
33,seventh position,4,13,122,0.207,3.945120385881148e-05,1,0.0077242047066396
33,11th place,3,9,122,0.144,0.0003102788778063,1,0.0472553255113756
