highlight_cluster,highlight_name,domain,best_second_cluster,centroid_cosine,lexical_weighted_jaccard,lexical_overlap_at_15,null_p95,null_p_empirical,exceeds_null,exceeds_within_register_reference,n_second_above_threshold,second_clusters_above_threshold,relation,availability_class,matched_event_sentences,interpretable_non_recovery,second_cluster_size
0,DRS-assisted battles,Race dynamics,2,0.9710607528686523,0.4113639970076848,0.26666666666666666,0.6830052703619003,0.000999000999000999,True,True,1,2,SINGLE_MATCH,SPARSE,10,False,227
1,Time penalties,Regulatory,0,0.9389739036560059,0.32265809446319244,0.6,0.7263273537158966,0.000999000999000999,True,True,1,0,SINGLE_MATCH,SPARSE,11,False,194
2,Lights-out race starts,Race dynamics,16,0.5352745056152344,0.0,0.0,0.5968990474939346,1.0,False,False,0,,NON_RECOVERY,EFFECTIVELY_ABSENT,1,False,131
3,Mirror checks defending,Race dynamics,47,0.6508402824401855,0.0,0.0,0.7117868423461914,1.0,False,False,0,,NON_RECOVERY,SPARSE,6,False,82
4,Race start launch,Race dynamics,27,0.6462050676345825,0.0,0.0,0.6814859122037887,1.0,False,False,0,,NON_RECOVERY,EFFECTIVELY_ABSENT,4,False,1345
5,Weather conditions,Strategy & technical,18,0.9337661266326904,0.18129733289430358,0.26666666666666666,0.6556129038333892,0.000999000999000999,True,True,1,18,SINGLE_MATCH,EFFECTIVELY_ABSENT,3,False,405
6,Grand Prix wins,Narrative & meta,3,0.9689639806747437,0.41350422134979337,0.26666666666666666,0.8240823447704315,0.000999000999000999,True,True,1,3,MERGE,WELL_REPRESENTED,55,False,1046
7,Race start lights,Race dynamics,3,0.6989315748214722,0.21768455728664432,0.2,0.6236816227436066,0.000999000999000999,True,False,1,3,MERGE,EFFECTIVELY_ABSENT,3,False,1046
8,Race control flags,Regulatory,14,0.9403253793716431,0.4094542547779958,0.6,0.7170192420482635,0.000999000999000999,True,True,1,14,SINGLE_MATCH,SPARSE,11,False,194
9,Formula 1 milestones,Narrative & meta,3,0.8383821249008179,0.10397697438789599,0.06666666666666667,0.756794348359108,0.000999000999000999,True,True,1,3,MERGE,SPARSE,12,False,1046
10,Chicane moves,Race dynamics,1,0.9183681011199951,0.3971949103528051,0.13333333333333333,0.6954284965991974,0.000999000999000999,True,True,1,1,SINGLE_MATCH,SPARSE,5,False,41
11,Team radio celebrations,Narrative & meta,20,0.7752926349639893,0.16835834068843777,0.26666666666666666,0.5573417365550994,0.000999000999000999,True,True,1,20,SINGLE_MATCH,EFFECTIVELY_ABSENT,4,False,72
12,Podium finishes,Narrative & meta,29,0.9432529211044312,0.27801979830935786,0.06666666666666667,0.7705720722675323,0.000999000999000999,True,True,1,29,SINGLE_MATCH,SPARSE,8,False,198
13,Championship & title,Narrative & meta,35,0.9084795713424683,0.37006628800358454,0.5333333333333333,0.7543675929307937,0.000999000999000999,True,True,3,33;34;35,SPLIT,WELL_REPRESENTED,18,False,89
14,Pit stops,Strategy & technical,7,0.9699579477310181,0.556958561376075,0.5333333333333333,0.8207543164491653,0.000999000999000999,True,True,1,7,SINGLE_MATCH,WELL_REPRESENTED,17,False,468
15,Tires & compounds,Strategy & technical,13,0.9613708257675171,0.36473906911142456,0.5333333333333333,0.7913492083549499,0.000999000999000999,True,True,1,13,SINGLE_MATCH,WELL_REPRESENTED,32,False,758
16,Safety car deployment,Regulatory,44,0.9542561769485474,0.5890533456675917,0.3333333333333333,0.7403875768184662,0.000999000999000999,True,True,2,44;47,SPLIT,SPARSE,12,False,118
17,Gap & pace,Strategy & technical,30,0.8949772119522095,0.43382578730082916,0.4666666666666667,0.7448630094528198,0.000999000999000999,True,True,2,30;31,SPLIT,SPARSE,6,False,152
18,Team dynamics,Narrative & meta,28,0.9480810165405273,0.12481251542594597,0.06666666666666667,0.845953494310379,0.000999000999000999,True,True,1,28,SINGLE_MATCH,WELL_REPRESENTED,67,False,692
19,Race lead holding,Race dynamics,27,0.7633043527603149,0.0,0.0,0.7237760215997696,0.000999000999000999,True,True,1,27,SINGLE_MATCH,SPARSE,8,False,1345
20,Wing & car damage,Strategy & technical,43,0.5840172171592712,0.01086182336182336,0.0,0.67764210999012,1.0,False,False,0,,NON_RECOVERY,EFFECTIVELY_ABSENT,4,False,108
21,Braking & lockups,Race dynamics,43,0.9375748038291931,0.25285262249496593,0.3333333333333333,0.7748370289802551,0.000999000999000999,True,True,1,43,SINGLE_MATCH,SPARSE,13,False,108
22,Wheel-to-wheel,Race dynamics,43,0.7574585676193237,0.1136189364894149,0.2,0.7402440309524536,0.006993006993006993,True,True,1,43,SINGLE_MATCH,SPARSE,7,False,108
23,Circuit action,Race dynamics,40,0.9664217829704285,0.5420560747663551,0.06666666666666667,0.810548621416092,0.000999000999000999,True,True,1,40,SINGLE_MATCH,SPARSE,10,False,51
24,Inter-car distance,Strategy & technical,47,0.9273672103881836,0.4112799853506684,0.2,0.7880844414234162,0.000999000999000999,True,True,1,47,SINGLE_MATCH,EFFECTIVELY_ABSENT,1,False,82
25,Driver & team references,Narrative & meta,45,0.9297072887420654,0.3317826683366135,0.26666666666666666,0.8482450276613236,0.000999000999000999,True,True,1,45,SINGLE_MATCH,SPARSE,13,False,270
26,Defending & attacking,Race dynamics,26,0.9641492366790771,0.3229486616937253,0.3333333333333333,0.7225936889648438,0.000999000999000999,True,True,2,26;27,SPLIT,SPARSE,10,False,74
27,Overtake battles,Race dynamics,27,0.9724471569061279,0.2237998298301453,0.4,0.7859290301799774,0.000999000999000999,True,True,1,27,SINGLE_MATCH,WELL_REPRESENTED,68,False,1345
28,Corner battles,Race dynamics,36,0.7041890025138855,0.0,0.0,0.7252823889255524,0.5954045954045954,False,False,0,,NON_RECOVERY,EFFECTIVELY_ABSENT,4,False,258
29,Corner specific moves,Race dynamics,36,0.7111879587173462,0.010188958873656909,0.0,0.6970328181982041,0.007992007992007992,True,False,1,36,MERGE,SPARSE,8,False,258
30,Lap pace & timing,Strategy & technical,21,0.9678987264633179,0.47363942477176857,0.4666666666666667,0.8313779771327973,0.000999000999000999,True,True,1,21,SINGLE_MATCH,SPARSE,14,False,366
31,Race leader changes,Race dynamics,41,0.9136250019073486,0.4178255958222996,0.5333333333333333,0.8286001890897751,0.000999000999000999,True,True,1,41,SINGLE_MATCH,SPARSE,13,False,732
32,Front position changes,Race dynamics,36,0.8740964531898499,0.16911698385496526,0.2,0.7755762785673141,0.000999000999000999,True,True,2,27;36,SPLIT,EFFECTIVELY_ABSENT,2,False,258
33,Field position changes,Race dynamics,36,0.9483463764190674,0.3782808561119075,0.6666666666666666,0.7692237585783005,0.000999000999000999,True,True,1,36,MERGE,SPARSE,9,False,258
