event_id,k_blocks,n_valid,n_failed,observed_effect,null_mean,null_sd,null_p2.5,null_p97.5,p_one_sided_depletion,below_null_p2.5
2023_Australia_GP,1,10000,0,-0.055313622786892336,0.003605630771526797,0.09112584621811376,-0.13917485958930562,0.20342763595436641,0.3110688931106889,False
2023_Australia_GP,5,10000,0,-0.055313622786892336,0.0030627391842139636,0.07198322027633722,-0.12178677227890976,0.1549427874695179,0.22287771222877711,False
2023_Australia_GP,10,10000,0,-0.055313622786892336,0.002425483657474301,0.06406863679030975,-0.11176011108120669,0.13743102024658205,0.19288071192880712,False
2023_Australia_GP,20,10000,0,-0.055313622786892336,0.0015735254995484364,0.05949557522005825,-0.10523090063099945,0.12773190311577642,0.17448255174482552,False
2023_Qatar_GP,1,10000,0,-0.09983741924442732,0.0006785444636741894,0.09438663192238705,-0.20595986822401915,0.18689727463312372,0.13388661133886612,False
2023_Qatar_GP,5,10000,0,-0.09983741924442732,0.0009259733384753691,0.08731372169597827,-0.15595986822401914,0.18134171907756813,0.12888711128887112,False
2023_Qatar_GP,10,10000,0,-0.09983741924442732,-0.0007678386093816488,0.08203353513528684,-0.15199161425576518,0.16546870320455226,0.11548845115488451,False
2023_Qatar_GP,20,10000,0,-0.09983741924442732,0.003766903100909605,0.07872216121533214,-0.14189060415475507,0.16546870320455226,0.0928907109289071,False
2023_Singapore_GP,1,10000,0,-0.15514089870525513,0.005445169023446835,0.10918070426971402,-0.16254830611266255,0.2754713461927041,0.033396660333966606,False
2023_Singapore_GP,5,10000,0,-0.15514089870525513,0.0023647376309066563,0.0792153941176363,-0.13975628332063975,0.16798410129474417,0.013798620137986202,True
2023_Singapore_GP,10,10000,0,-0.15514089870525513,0.0015380839976400899,0.07119959205948583,-0.13014089870525514,0.14495525514089733,0.007499250074992501,True
2023_Singapore_GP,20,10000,0,-0.15514089870525513,-0.00022907372236546713,0.066347833044808,-0.12551126907562551,0.13616344912083184,0.0057994200579942,True
2024_Bahrain_GP,1,10000,0,-0.12150560962003348,0.00765746950073316,0.10816142467489598,-0.1542713474941305,0.19863013698630136,0.11358864113588642,False
2024_Bahrain_GP,5,10000,0,-0.12150560962003348,0.0005877671804330366,0.07613220958478754,-0.13516107180490744,0.16151812619008002,0.041495850414958506,False
2024_Bahrain_GP,10,10000,0,-0.12150560962003348,0.0001470149481167367,0.0693857351491496,-0.12609416635420256,0.14592358427974864,0.029897010298970104,False
2024_Bahrain_GP,20,10000,0,-0.12150560962003348,0.0026847619462243124,0.062805072256053,-0.11535587699971263,0.13269607105223544,0.0182981701829817,True
2024_SaoPaulo_GP,1,10000,0,-0.15388224255219327,0.005447730968838329,0.07984387484859579,-0.13036323282628698,0.19692865336970877,0.0105989401059894,True
2024_SaoPaulo_GP,5,10000,0,-0.15388224255219327,0.002825337357497579,0.07044073890814065,-0.12993588239893655,0.14388951442646,0.008899110088991101,True
2024_SaoPaulo_GP,10,10000,0,-0.15388224255219327,0.002058364905832452,0.06420895640491824,-0.11730961977267393,0.13117522871217457,0.004999500049995001,True
2024_SaoPaulo_GP,20,10000,0,-0.15388224255219327,0.003027351105303692,0.05878277083817978,-0.10883926404144863,0.12247957653826153,0.0032996700329967,True
2024_Italy_GP,1,10000,0,-0.09467648135345072,0.003667315262479089,0.10168600650632097,-0.20003205641929794,0.17750805053257368,0.1713828617138286,False
2024_Italy_GP,5,10000,0,-0.09467648135345072,0.0035983211249082515,0.0750252730424343,-0.13816593065864885,0.15577856051040073,0.09159084091590841,False
2024_Italy_GP,10,10000,0,-0.09467648135345072,0.004835336156101759,0.06970972317048606,-0.12678011413294946,0.14855182157634472,0.07229277072292771,False
2024_Italy_GP,20,10000,0,-0.09467648135345072,0.00510304914707558,0.06433511484038212,-0.11599844297391981,0.13737082926327698,0.057894210578942104,False
2024_LasVegas_GP,1,10000,0,-0.05566855564136311,0.00571127183496187,0.07975007487594488,-0.1623390150354749,0.15781459042605264,0.1999800019998,False
2024_LasVegas_GP,5,10000,0,-0.05566855564136311,0.0018389214563298189,0.059908291067377224,-0.11407082752678106,0.12036140690545336,0.1745825417458254,False
2024_LasVegas_GP,10,10000,0,-0.05566855564136311,0.00306978708115446,0.05412019421744703,-0.09758731104326457,0.11260946892095727,0.13908609139086092,False
2024_LasVegas_GP,20,10000,0,-0.05566855564136311,0.00187915229766812,0.04960744008165552,-0.09102070691568484,0.10163481514515374,0.12448755124487551,False
2024_Qatar_GP,1,10000,0,-0.07062736205593348,0.004570403568116939,0.1270548476408836,-0.19551969625059323,0.2584972170686457,0.3233676632336766,False
2024_Qatar_GP,5,10000,0,-0.07062736205593348,0.004163752561862784,0.08300680175999221,-0.14560477849676456,0.17596133190118154,0.1927807219278072,False
2024_Qatar_GP,10,10000,0,-0.07062736205593348,0.0042298947408893825,0.0745944001622197,-0.12988662131519274,0.15960286817429678,0.15798420157984203,False
2024_Qatar_GP,20,10000,0,-0.07062736205593348,0.006393916363977858,0.06913586369173225,-0.12121453459432552,0.1496455424274973,0.1317868213178682,False
2025_Belgium_GP,1,10000,0,-0.00744416873449133,-0.0027167200734370804,0.11161212972313882,-0.2236418351723774,0.21542973155876377,0.45545445455454453,False
2025_Belgium_GP,5,10000,0,-0.00744416873449133,-0.000823008028354452,0.08569946250948861,-0.16335814722911499,0.16997518610421836,0.4727527247275273,False
2025_Belgium_GP,10,10000,0,-0.00744416873449133,-0.0015968579218501304,0.08081706765741435,-0.15611177041752078,0.16017126453559088,0.47905209479052097,False
2025_Belgium_GP,20,10000,0,-0.00744416873449133,0.00035249571552848144,0.07529175481940797,-0.13954862341959118,0.15074441687344914,0.46825317468253175,False
2025_Japan_GP,1,10000,0,-0.10741805635422655,0.0025384432495364462,0.09225377843892855,-0.13617827208252736,0.21332916145181477,0.096990300969903,False
2025_Japan_GP,5,10000,0,-0.10741805635422655,0.00024181442908993473,0.06878025598997087,-0.1262825477414682,0.14078014184397167,0.05419458054194581,False
2025_Japan_GP,10,10000,0,-0.10741805635422655,0.0010462619023552007,0.06401460592560411,-0.11760126841243856,0.1324468085106383,0.040195980401959805,False
2025_Japan_GP,20,10000,0,-0.10741805635422655,0.000836033602989155,0.05988256263095458,-0.10921985815602836,0.12252617359000337,0.026197380261973803,False
