threshold,category_id,category_name,metric,n_events,mean_delta,median_delta,sd,q1,q3,iqr,min,max,n_positive,n_negative,n_zero,majority_sign,n_majority
0.35,0,DRS-assisted battles,all,10,-0.0010040410295872,-0.0028093419460292,0.0149856666123025,-0.0112544249406433,0.0088083048419237,0.020062729782567,-0.0234493192133131,0.0255351681957186,4,6,0,-1,6
0.35,0,DRS-assisted battles,assigned,10,-0.0036093700996616,-0.0034943243701139,0.0157446302773365,-0.0136302667000075,0.0068372548244533,0.0204675215244608,-0.0296367112810707,0.0215707178393745,3,7,0,-1,7
0.35,1,Time penalties,all,10,0.0105640442839243,0.0016458233306458,0.0284132883465847,-0.0045137368429588,0.0099620445468736,0.0144757813898325,-0.009672619047619,0.0855805139066941,5,5,0,0,5
0.35,1,Time penalties,assigned,10,0.0078893534754243,-0.0034225621414913,0.0272606010866652,-0.0056222076309291,0.0089352827843285,0.0145574904152576,-0.0116801437556154,0.0792965430271129,4,6,0,-1,6
0.35,2,Lights-out race starts,all,10,-0.005687337405001,-0.0059578139608434,0.0058552235060726,-0.007189130195348,-0.0043337636653298,0.0028553665300182,-0.0174731182795698,0.0056547619047619,1,9,0,-1,9
0.35,2,Lights-out race starts,assigned,10,-0.0074976404472058,-0.0072256326076956,0.006711864310872,-0.0090434572548965,-0.005165377700408,0.0038780795544884,-0.0220588235294117,0.0044460499624864,1,9,0,-1,9
0.35,3,Mirror checks defending,all,10,0.0033469849897591,0.0031313242614718,0.0075703901067342,-0.0031836372560123,0.0088644756284029,0.0120481128844153,-0.0052083333333333,0.0162574850299401,5,5,0,0,5
0.35,3,Mirror checks defending,assigned,10,0.00246664351003,0.0022687946543164,0.0075028855777008,-0.0038699569908311,0.0078116379147057,0.0116815949055368,-0.0062893081761006,0.0152198852772466,5,5,0,0,5
0.35,4,Race start launch,all,10,0.006201380194057,0.0023422957088358,0.0115584646226375,-0.0035669355199213,0.0150451117637202,0.0186120472836415,-0.0052950075642965,0.0255561519651696,5,5,0,0,5
0.35,4,Race start launch,assigned,10,0.0055096047596569,0.0017536161185261,0.0117848232922462,-0.0043505340393146,0.014746784827405,0.0190973188667197,-0.0066921606118546,0.0247732073306228,5,5,0,0,5
0.35,5,Weather conditions,all,10,-0.0157497054800726,-0.0048982163247627,0.0289875524396808,-0.0142271020330273,-0.0023878377733367,0.0118392642596905,-0.0801971326164874,0.0125149700598802,2,8,0,-1,8
0.35,5,Weather conditions,assigned,10,-0.020425866732039,-0.0057889678181998,0.0360200608581691,-0.0174340473542752,-0.0029935116083898,0.0144405357458854,-0.1012443438914027,0.0104397705544933,2,8,0,-1,8
0.35,6,Grand Prix wins,all,10,0.0269742718605311,0.0189494831676597,0.0297334309204795,0.0171248385224539,0.0418260386589511,0.0247012001364971,-0.0334821428571428,0.0749758592895847,9,1,0,1,9
0.35,6,Grand Prix wins,assigned,10,0.0167478362505485,0.009673760561617,0.0322081267499498,0.0032748498640023,0.0332369203866036,0.0299620705226012,-0.0463871212752753,0.0707218648859027,8,2,0,1,8
0.35,7,Race start lights,all,10,0.001138735565521,-0.0014656900191386,0.007229063496877,-0.0029399903927696,0.0027892997750281,0.0057292901677977,-0.0062724014336917,0.0151162142578451,4,6,0,-1,6
0.35,7,Race start lights,assigned,10,0.0003938078515715,-0.0020119100359784,0.0075726382646395,-0.0034538887356816,0.002130508187584,0.0055843969232657,-0.007918552036199,0.0148175562683334,3,7,0,-1,7
0.35,8,Race control flags,all,10,0.0045013486039713,0.003787147191694,0.0144931014850512,-0.0076222926970463,0.0078127555766832,0.0154350482737295,-0.0104790419161676,0.0343124686472325,6,4,0,1,6
0.35,8,Race control flags,assigned,10,0.0024648066797414,0.0018717168412735,0.0143420511760528,-0.008936991537678,0.0048292384344841,0.0137662299721622,-0.0133843212237093,0.0311292047043342,6,4,0,1,6
0.35,9,Formula 1 milestones,all,10,0.0046265623655062,0.002833925679484,0.0169539434219033,-0.0090488905900651,0.0079607858100505,0.0170096764001156,-0.0125861489325937,0.0371559633027522,6,4,0,1,6
0.35,9,Formula 1 milestones,assigned,10,0.0014919232847261,-0.0007890012239572,0.0175341889628619,-0.0115071189491366,0.0056868675229557,0.0171939864720924,-0.0193762960170199,0.0350746268656716,4,6,0,-1,6
0.35,10,Chicane moves,all,10,0.0051320207378604,0.0,0.0145904116677151,-0.0004598405885959,0.0019871196341784,0.0024469602227744,-0.0026881720430107,0.0456253354804079,3,3,4,0,3
0.35,10,Chicane moves,assigned,10,0.0046157795244164,0.0,0.0138677737906444,-0.0005551443375277,0.0008680199926256,0.0014231643301534,-0.003393665158371,0.0428067347960392,3,3,4,0,3
0.35,11,Team radio celebrations,all,10,-0.0082999644515332,-0.0113953579549909,0.0127139036273494,-0.016762351802861,-0.0079208391654013,0.0088415126374597,-0.0194225721784776,0.0228159639924345,2,8,0,-1,8
0.35,11,Team radio celebrations,assigned,10,-0.0121665190025251,-0.0143454375425152,0.013628546934455,-0.0219993701499073,-0.0119029206300105,0.0100964495198967,-0.0234177215189873,0.0216108812323323,1,9,0,-1,9
0.35,12,Podium finishes,all,10,-0.0025360126995704,-0.0017612798013949,0.009324221147694,-0.0085054308701419,0.0042203364855447,0.0127257673556867,-0.019059205190592,0.009970238095238,4,6,0,-1,6
0.35,12,Podium finishes,assigned,10,-0.0055696998686283,-0.0044702641081943,0.0099442126524786,-0.0111744531724371,0.0017788022029013,0.0129532553753385,-0.0241521068859198,0.0084660201369012,4,6,0,-1,6
0.35,13,Championship & title,all,10,0.0001104673331822,-0.0071924057798232,0.0247036871618753,-0.0191159540519272,0.0119014699897052,0.0310174240416325,-0.0224770642201834,0.0491452991452991,3,7,0,-1,7
0.35,13,Championship & title,assigned,10,-0.0072018289945242,-0.015182556954221,0.0261652056557419,-0.0279180083848289,0.005660760168078,0.033578768552907,-0.03082915155733,0.0442972060619119,3,7,0,-1,7
0.35,14,Pit stops,all,10,0.0008167696533978,-0.0011197764366226,0.0153029793031575,-0.0048903708916023,0.0109940726487471,0.0158844435403494,-0.0263641937461679,0.0238095238095238,5,5,0,0,5
0.35,14,Pit stops,assigned,10,-0.0045085885557512,-0.0065157656234413,0.0159658768238518,-0.0122993510009715,0.005823141729114,0.0181224927300855,-0.0318282753515914,0.0227952686618315,4,6,0,-1,6
0.35,15,Tires & compounds,all,10,-0.0015434034932253,-0.0169240096323429,0.0558628830978732,-0.0218195152810868,-0.0044438232333478,0.017375692047739,-0.0666666666666666,0.1426523297491039,2,8,0,-1,8
0.35,15,Tires & compounds,assigned,10,-0.012220751753139,-0.0244186549143851,0.0570065639120118,-0.0395646019396016,-0.01249517026702,0.0270694316725815,-0.0774697938877043,0.1339510163039574,2,8,0,-1,8
0.35,16,Safety car deployment,all,10,-0.0019021297276483,-0.0017738914976642,0.0207065074001833,-0.0139478309327846,0.0042455380517677,0.0181933689845523,-0.032495401594114,0.0456200787401574,5,5,0,0,5
0.35,16,Safety car deployment,assigned,10,-0.0062649053000007,-0.0062884943794552,0.021698383502453,-0.0181492831859331,0.0004642045168856,0.0186134877028187,-0.0392301998519615,0.0431755641166758,3,7,0,-1,7
0.35,17,Gap & pace,all,10,-0.0204823556620255,-0.0216837383817494,0.0082411106589418,-0.0274673866552609,-0.0131752001027083,0.0142921865525525,-0.0312691600245248,-0.009423271903143,0,10,0,-1,10
0.35,17,Gap & pace,assigned,10,-0.0274761912996506,-0.0275491227283413,0.0074387710275784,-0.0341938483059811,-0.020553772015082,0.013640076290899,-0.0377498149518874,-0.018192251810068,0,10,0,-1,10
0.35,18,Team dynamics,all,10,0.038666863418964,0.0311335803108146,0.0498661431492876,0.006399536425241,0.0625617794623011,0.0561622430370601,-0.0225461814171491,0.1334467977811397,8,2,0,1,8
0.35,18,Team dynamics,assigned,10,0.0254326354506124,0.0172494275539507,0.048149025189177,-0.0051065256114146,0.0516232772594889,0.0567298028709036,-0.0355616605616605,0.1166213341232865,6,4,0,1,6
0.35,19,Race lead holding,all,10,0.0134791001075966,0.0134442072869839,0.0130656904928477,0.0076717603463703,0.0192185543030953,0.011546793956725,-0.0052395209580838,0.0386409480584972,8,2,0,1,8
0.35,19,Race lead holding,assigned,10,0.0127603783383234,0.0128844530534268,0.0133807249205129,0.0066649421885107,0.0176632139756056,0.0109982717870949,-0.0066921606118546,0.0384294293485578,8,2,0,1,8
0.35,20,Wing & car damage,all,10,-0.0036235358722414,-0.0054240573758925,0.0143290119875127,-0.0166102910673446,0.0093293496173398,0.0259396406846844,-0.0212620027434842,0.0161306504654144,4,6,0,-1,6
0.35,20,Wing & car damage,assigned,10,-0.00689259714027,-0.0076007578002624,0.0153167154708053,-0.0204125713155678,0.0080689357926936,0.0284815071082614,-0.0261162594776748,0.0126106861858157,3,7,0,-1,7
0.35,21,Braking & lockups,all,10,0.0115798260000545,0.0038861368074212,0.0339580492381614,0.001029702483183,0.0124698020542017,0.0114400995710187,-0.0352790384938645,0.0708083832335329,8,2,0,1,8
0.35,21,Braking & lockups,assigned,10,0.0055640710093872,-0.0005656616098639,0.0350134348170149,-0.0045057794938647,0.0058756918589878,0.0103814713528525,-0.0480569843535399,0.0652607196724843,5,5,0,0,5
0.35,22,Wheel-to-wheel,all,10,0.0176858980387636,0.018479300482654,0.0226153866157366,-0.0036529034690799,0.0321578956673191,0.0358107991363991,-0.0090771558245083,0.0532634730538922,6,4,0,1,6
0.35,22,Wheel-to-wheel,assigned,10,0.0167177807795976,0.0175476889597442,0.0227537359192522,-0.0044473684956394,0.0317773091366214,0.0362246776322609,-0.011472275334608,0.0513957934990439,6,4,0,1,6
0.35,23,Circuit action,all,10,-0.0006492583059135,-0.005486010032218,0.0160186174156952,-0.0112422864788117,0.0141815140961647,0.0254238005749764,-0.0200096498483595,0.023841896856066,4,6,0,-1,6
0.35,23,Circuit action,assigned,10,-0.0059255055419611,-0.010668849495039,0.0168106932560467,-0.0158634681006331,0.0082361069446614,0.0240995750452946,-0.0288102420455361,0.0204601154241442,4,6,0,-1,6
0.35,24,Inter-car distance,all,10,0.0001774685958929,-0.0042131242472329,0.0169869642777322,-0.0094471550725709,-0.0003449582398772,0.0091021968326936,-0.0178477690288713,0.0397643242211726,2,8,0,-1,8
0.35,24,Inter-car distance,assigned,10,-0.0029190741451039,-0.0080439176443515,0.017589260796596,-0.0117138986567354,-0.0038876850062464,0.0078262136504889,-0.0215189873417721,0.0373863546525417,2,8,0,-1,8
0.35,25,Driver & team references,all,10,0.0078339472077528,0.0062929641131302,0.0218209519737432,-0.0092236841317723,0.028202596515764,0.0374262806475364,-0.0227362204724409,0.0361146891846763,6,4,0,1,6
0.35,25,Driver & team references,assigned,10,0.0015640601189834,-0.0029106902357942,0.0221028941458689,-0.0149419215066847,0.0225681729130566,0.0375100944197414,-0.0307925151348376,0.0327614831211953,5,5,0,0,5
0.35,26,Defending & attacking,all,10,0.016166099554542,0.0175652331820707,0.0188330275972122,0.0010999941615106,0.0278052256486536,0.026705231487143,-0.0080645161290322,0.0426962514708354,8,2,0,1,8
0.35,26,Defending & attacking,assigned,10,0.0136242382832447,0.0155152505966845,0.0187939166869875,-0.0017601343309079,0.0268654391260916,0.0286255734569995,-0.0110518834399431,0.0400856381116527,6,4,0,1,6
0.35,27,Overtake battles,all,10,0.037386378232085,0.0404895202382947,0.0416361050469668,0.0291175723064582,0.0532304077831889,0.0241128354767307,-0.0393413173652694,0.1033997310472348,8,2,0,1,8
0.35,27,Overtake battles,assigned,10,0.0187730357619707,0.0208827008046307,0.0442723429992457,0.0069869889642974,0.0375680285356103,0.0305810395713128,-0.0613384321223709,0.0855842512051275,8,2,0,1,8
0.35,28,Corner battles,all,10,0.009422887912979,0.0096598260395952,0.0174284926402268,-0.001528174223462,0.0210840769695672,0.0226122511930292,-0.0157185628742514,0.0401785714285714,7,3,0,1,7
0.35,28,Corner battles,assigned,10,0.0079069240759508,0.0082482671773223,0.0187194559856094,-0.002482956132752,0.0184753969210701,0.0209583530538221,-0.020076481835564,0.0425616657867192,7,3,0,1,7
0.35,29,Corner specific moves,all,10,0.0061686961487873,-0.0057607637506084,0.0207954230847991,-0.0072957211937267,0.0188599032250459,0.0261556244187727,-0.0128440366972477,0.0478746243022756,4,6,0,-1,6
0.35,29,Corner specific moves,assigned,10,0.0046006691035703,-0.0071906913889916,0.0211541160688252,-0.0088305017664214,0.017815127155787,0.0266456289222084,-0.0149253731343283,0.0476638469444224,4,6,0,-1,6
0.35,30,Lap pace & timing,all,10,-0.0085852733651447,-0.0090565181596299,0.0146149337765325,-0.0178902555556294,0.0042724442556596,0.022162699811289,-0.0313988095238095,0.0108083832335329,4,6,0,-1,6
0.35,30,Lap pace & timing,assigned,10,-0.0160862258636673,-0.0167189524539211,0.0144400792137517,-0.024728683255556,-0.0033833655576664,0.0213453176978896,-0.0391067144617037,0.0027151051625238,1,9,0,-1,9
0.35,31,Race leader changes,all,10,-0.0073302183940934,-0.0082337949256468,0.0243312736406044,-0.0268073777390907,0.005898251352931,0.0327056290920218,-0.0366766467065868,0.0430607741396791,4,6,0,-1,6
0.35,31,Race leader changes,assigned,10,-0.0161748413588471,-0.0166382895389438,0.0243268289702993,-0.0370771721830497,-0.0020328192901636,0.035044352892886,-0.0468451242829827,0.0330390828174792,1,9,0,-1,9
0.35,32,Front position changes,all,10,0.0099994214234154,0.0099266605673604,0.0223416024854463,-0.0079955920328507,0.027675881217897,0.0356714732507477,-0.0245248313917841,0.0458715596330275,6,4,0,1,6
0.35,32,Front position changes,assigned,10,0.0069092962298443,0.0058425831164542,0.0228161062288031,-0.0104631316351103,0.0244817278431583,0.0349448594782687,-0.0296076980014803,0.042501776830135,6,4,0,1,6
0.35,33,Field position changes,all,10,0.0044358906276183,0.0032788246260732,0.017861974724866,-0.0085359541540333,0.0156552074422583,0.0241911615962916,-0.0214067278287461,0.0371662672091856,5,5,0,0,5
0.35,33,Field position changes,assigned,10,-0.000493238384625,-0.0009027693199153,0.018252845718571,-0.015020149700577,0.0128250123358227,0.0278451620363998,-0.0248756218905472,0.0311429119719275,5,5,0,0,5
0.4,0,DRS-assisted battles,all,10,-0.0004008936937426,-0.0022844075628271,0.0148692599262192,-0.0107945843520473,0.0092457050983138,0.0200402894503612,-0.0219364599092284,0.0261467889908256,4,6,0,-1,6
0.4,0,DRS-assisted battles,assigned,10,-0.003949390088696,-0.0041569529194421,0.0162188636527793,-0.0143574487015514,0.0069163714086644,0.0212738201102158,-0.0305584826132771,0.0202970297029703,3,7,0,-1,7
0.4,1,Time penalties,all,10,0.0107162946430751,0.0031613654411606,0.0286800702416336,-0.0036652855020746,0.0101149497456504,0.0137802352477251,-0.0089285714285714,0.0886461178306671,5,5,0,0,5
0.4,1,Time penalties,assigned,10,0.0071337984467951,-0.0031552838373984,0.0263819533310018,-0.0048835280138107,0.0089886591879201,0.0138721872017309,-0.0116166505324298,0.0782010582010581,4,6,0,-1,6
0.4,2,Lights-out race starts,all,10,-0.0016351364346331,-0.0026343588177954,0.0043729382258836,-0.0037490199542829,-0.0015814700873482,0.0021675498669346,-0.007168458781362,0.0062171916010498,2,8,0,-1,8
0.4,2,Lights-out race starts,assigned,10,-0.0026178975517302,-0.0034951528295241,0.0051777522920937,-0.0052177068774227,-0.0021435380112757,0.003074168866147,-0.009925558312655,0.0063956840010006,2,8,0,-1,8
0.4,3,Mirror checks defending,all,10,0.0045918111104887,0.003772006279094,0.0075671853942008,-0.001687021549626,0.010123920323219,0.0118109418728451,-0.0044642857142857,0.017005988023952,5,5,0,0,5
0.4,3,Mirror checks defending,assigned,10,0.0037827416788334,0.0029611186795127,0.0074962931229542,-0.0023151747903439,0.009452796803468,0.011767971593812,-0.0058083252662149,0.0162152911479057,5,5,0,0,5
0.4,4,Race start launch,all,10,0.0068286172706079,0.0032444725203718,0.0113084591185908,-0.0031051330350835,0.0156578575510929,0.0187629905861765,-0.0037821482602118,0.0255561519651696,5,5,0,0,5
0.4,4,Race start launch,assigned,10,0.0061424313817546,0.0028697727628657,0.0117566993495733,-0.0043069983005902,0.0152257686522184,0.0195327669528086,-0.0052687038988408,0.025309420201445,5,5,0,0,5
0.4,5,Weather conditions,all,10,-0.0135385102331112,-0.0033538695060157,0.0257691675755422,-0.0117818762120232,-0.0023150875018899,0.0094667887101333,-0.0707885304659498,0.0155089820359281,1,9,0,-1,9
0.4,5,Weather conditions,assigned,10,-0.0195651969630685,-0.004436394464086,0.0353073480035995,-0.015494634508043,-0.0031872432850906,0.0123073912229524,-0.0980148883374689,0.0141188550892054,1,9,0,-1,9
0.4,6,Grand Prix wins,all,10,0.0277837340100942,0.0197717633385008,0.0296083955771681,0.0177076467228661,0.0430442578156287,0.0253366110927626,-0.0327380952380952,0.0749758592895847,9,1,0,1,9
0.4,6,Grand Prix wins,assigned,10,0.0139767890356604,0.0073241155793197,0.0323114879221884,-0.0009363970850284,0.0294842043184449,0.0304206014034733,-0.0483700795109694,0.0713053479010926,7,3,0,1,7
0.4,7,Race start lights,all,10,0.0006010562707327,-0.002345996081232,0.0073274379850491,-0.0036877749415319,0.0013418196375144,0.0050295945790463,-0.0062724014336917,0.0151162142578451,3,7,0,-1,7
0.4,7,Race start lights,assigned,10,-0.0004322474879981,-0.0030955562900266,0.0078168492084778,-0.0050716603407607,-5.113386141828715e-05,0.0050205264793424,-0.0086848635235732,0.0144368858654572,3,7,0,-1,7
0.4,8,Race control flags,all,10,0.0051338780287113,0.0042850112485939,0.0148751511673791,-0.0074408189777719,0.0078566602468133,0.0152974792245853,-0.0089820359281437,0.036764951786411,6,4,0,1,6
0.4,8,Race control flags,assigned,10,0.0023197710517607,0.0009172989526771,0.014549690929704,-0.009586417665032,0.0051086751889371,0.0146950928539692,-0.0125786163522012,0.0318820861678004,5,5,0,0,5
0.4,9,Formula 1 milestones,all,10,0.0049668575250117,0.003582428673496,0.0169186532111414,-0.0090488905900651,0.0089304044267279,0.017979295016793,-0.0125861489325937,0.0371559633027522,6,4,0,1,6
0.4,9,Formula 1 milestones,assigned,10,0.0007395204913844,-0.0013083570912189,0.0178230662395313,-0.0126223936911041,0.0067559789158066,0.0193783726069108,-0.022175044938945,0.034006092916984,4,6,0,-1,6
0.4,10,Chicane moves,all,10,0.0052414648463558,0.0,0.0145533615719187,-0.0004598405885959,0.0024719289425171,0.0029317695311131,-0.0024330900243309,0.0456253354804079,3,3,4,0,3
0.4,10,Chicane moves,assigned,10,0.0047924698724891,0.0,0.0140611903890899,-0.0006122448979591,0.0011989649223691,0.0018112098203283,-0.0033764772087788,0.0433527186953515,3,3,4,0,3
0.4,11,Team radio celebrations,all,10,-0.0066411353446389,-0.0091441773253867,0.0088145177130657,-0.0117836627963942,-0.0056046098670354,0.0061790529293588,-0.0142215568862275,0.0149951718579169,2,8,0,-1,8
0.4,11,Team radio celebrations,assigned,10,-0.010600715151209,-0.013469595652948,0.0099950716107641,-0.0164267496577704,-0.0090195377465533,0.0074072119112171,-0.0199161425576519,0.0142610695802185,1,9,0,-1,9
0.4,12,Podium finishes,all,10,-0.0028835730764961,-0.0014380735958357,0.0100363193167329,-0.01207286549442,0.005286080283699,0.0173589457781191,-0.0174371451743714,0.0107142857142857,4,6,0,-1,6
0.4,12,Podium finishes,assigned,10,-0.0067454954827206,-0.005225574864294,0.0113704355190393,-0.016004003781349,0.0021542629201933,0.0181582667015423,-0.024198086662915,0.0104745641036796,4,6,0,-1,6
0.4,13,Championship & title,all,10,0.0058981403618652,-0.0008085739029733,0.0221116669220911,-0.0095745813935616,0.0165087125856975,0.0260832939792592,-0.0140990082366784,0.0518334711883099,5,5,0,0,5
0.4,13,Championship & title,assigned,10,-0.0018800660318932,-0.0094496498809167,0.0241737894814461,-0.0203541184388783,0.0119089631427046,0.0322630815815829,-0.0242825264984813,0.0459057071960297,3,7,0,-1,7
0.4,14,Pit stops,all,10,0.0002119618776496,-0.0025077340549864,0.0149044893455727,-0.0036233558766765,0.009182457072743,0.0128058129494196,-0.0257510729613733,0.0245535714285714,4,6,0,-1,6
0.4,14,Pit stops,assigned,10,-0.0068423912854689,-0.0096508878962089,0.0165050568921773,-0.0125626576361033,-0.0008658243900777,0.0116968332460256,-0.0342857142857142,0.0261700947387885,3,7,0,-1,7
0.4,15,Tires & compounds,all,10,0.0001133615277087,-0.0152591610005825,0.0561613521142664,-0.0204977450545203,-0.0025272277718841,0.0179705172826361,-0.0654434250764526,0.1444444444444444,2,8,0,-1,8
0.4,15,Tires & compounds,assigned,10,-0.0144449907940888,-0.0244561414699291,0.0579582689458685,-0.0424275640854139,-0.0132004877521666,0.0292270763332473,-0.0814927646610814,0.1327543424317618,2,8,0,-1,8
0.4,16,Safety car deployment,all,10,-0.0010936699788158,0.0005768897281706,0.0179061260561455,-0.0119307882618067,0.0058954344708266,0.0178262227326333,-0.0306560392397302,0.0367782152230971,5,5,0,0,5
0.4,16,Safety car deployment,assigned,10,-0.0068358483416333,-0.0059259797657442,0.019648002924406,-0.0167720347363044,0.0007299442215777,0.0175019789578821,-0.0408163265306122,0.0344827586206896,3,7,0,-1,7
0.4,17,Gap & pace,all,10,-0.0165458944241694,-0.0174866948792115,0.0079471289504114,-0.0223234790963629,-0.0110749902509674,0.0112484888453954,-0.0257510729613733,-0.0032809484422387,0,10,0,-1,10
0.4,17,Gap & pace,assigned,10,-0.02522370790383,-0.0258095874390376,0.007205692775295,-0.0297136780405656,-0.0191586321650073,0.0105550458755582,-0.0356394129979035,-0.0148883374689826,0,10,0,-1,10
0.4,18,Team dynamics,all,10,0.040595380726709,0.0312275524570432,0.0510894294187085,0.0023656969371829,0.0652046573615201,0.0628389604243371,-0.0176178660049627,0.1387418053454362,7,3,0,1,7
0.4,18,Team dynamics,assigned,10,0.0243285331672756,0.0148366616087073,0.0506621754369832,-0.0094601838448789,0.0502193156680201,0.059679499512899,-0.0347394540942928,0.1236440835554453,6,4,0,1,6
0.4,19,Race lead holding,all,10,0.0117539976756692,0.0107494690288358,0.012433915371805,0.0075266854004375,0.0151019244729114,0.0075752390724738,-0.0052395209580838,0.0386409480584972,8,2,0,1,8
0.4,19,Race lead holding,assigned,10,0.0110038145827783,0.0102967793351193,0.0131865498835207,0.0059291620554147,0.0150448301926134,0.0091156681371987,-0.0073375262054507,0.0399026839397508,8,2,0,1,8
0.4,20,Wing & car damage,all,10,-0.0015602847316285,-0.0042506720430107,0.0138463408905581,-0.0126015171491878,0.0045620195971921,0.0171635367463799,-0.017832647462277,0.0210356167437712,4,6,0,-1,6
0.4,20,Wing & car damage,assigned,10,-0.0048191557958562,-0.0063325676329602,0.0147203756428552,-0.0171728529892176,0.0033484351286468,0.0205212881178644,-0.0236148955495004,0.0183888143370416,4,6,0,-1,6
0.4,21,Braking & lockups,all,10,0.0157189940325565,0.0079864705544053,0.033464157472256,0.0048610248266753,0.0156875611821077,0.0108265363554324,-0.0292276012775256,0.0767964071856287,8,2,0,1,8
0.4,21,Braking & lockups,assigned,10,0.0086489248203772,0.0045128850660714,0.0352717386933503,-0.0016635842619151,0.0058763144760315,0.0075398987379467,-0.0453573420938449,0.0695460574166773,7,3,0,1,7
0.4,22,Wheel-to-wheel,all,10,0.0179543186486041,0.018479300482654,0.0223723165359714,-0.0031680941607412,0.0322891292631197,0.0354572234238609,-0.0075642965204236,0.0532634730538922,6,4,0,1,6
0.4,22,Wheel-to-wheel,assigned,10,0.0167925062177431,0.0175749584659489,0.0225985103781751,-0.0041595435727379,0.0313473182247975,0.0355068617975355,-0.0105374077976817,0.0517905275317674,6,4,0,1,6
0.4,23,Circuit action,all,10,0.0005388291442347,-0.0012657564865809,0.0161140107000667,-0.009494115880297,0.0145430595096238,0.0240371753899209,-0.0191135925006892,0.0242474118601211,3,7,0,-1,7
0.4,23,Circuit action,assigned,10,-0.0063055886948588,-0.0092174583995385,0.0174975393948676,-0.0153034216467034,0.0094819374302657,0.0247853590769691,-0.031637717121588,0.0185792822821522,3,7,0,-1,7
0.4,24,Inter-car distance,all,10,0.0007267587803254,-0.0038349094212118,0.0171485597721575,-0.008232762869323,0.0002268895171774,0.0084596523865005,-0.0178477690288713,0.0405753542292829,3,7,0,-1,7
0.4,24,Inter-car distance,assigned,10,-0.0035613403438816,-0.0082411545560881,0.0182219960511912,-0.012659827303485,-0.0051950112675909,0.007464816035894,-0.023926812104152,0.0362148824726202,2,8,0,-1,8
0.4,25,Driver & team references,all,10,0.0089111948620604,0.0074894957809773,0.0216376708816992,-0.0087388748234336,0.029291495472485,0.0380303702959186,-0.0201115485564304,0.0373312341968417,6,4,0,1,6
0.4,25,Driver & team references,assigned,10,0.0005071750259952,-0.0049107928341586,0.0222133533381232,-0.016196106190658,0.0214788709527562,0.0376749771434142,-0.0319024161388693,0.0317129128609151,5,5,0,0,5
0.4,26,Defending & attacking,all,10,0.0143386791722954,0.0118725973380407,0.0192894811749883,-0.0014654494420805,0.029241296556444,0.0307067459985245,-0.0090497737556561,0.0465269461077844,7,3,0,1,7
0.4,26,Defending & attacking,assigned,10,0.0117995904823572,0.010048781608394,0.0200622202222179,-0.0062511621387151,0.0283459840769997,0.0345971462157149,-0.0119148936170212,0.0423565652676164,6,4,0,1,6
0.4,27,Overtake battles,all,10,0.0379993966798122,0.0425263926795789,0.0423595365119872,0.0236893283169266,0.0565268523322824,0.0328375240153558,-0.0378443113772455,0.1064254496554042,8,2,0,1,8
0.4,27,Overtake battles,assigned,10,0.0135387289790232,0.0148011911789016,0.0489584836403313,-0.0103846338914573,0.0404186401271493,0.0508032740186067,-0.0681983485217986,0.0879098741709539,6,4,0,1,6
0.4,28,Corner battles,all,10,0.0113333887947692,0.0109614891972373,0.0170648591721153,-0.0005585556067845,0.0234254966201652,0.0239840522269498,-0.0119760479041916,0.0416666666666666,7,3,0,1,7
0.4,28,Corner battles,assigned,10,0.0100536914315429,0.009986446685954,0.0192696699995063,-0.001580573102536,0.0199069506871722,0.0214875237897082,-0.0167714884696016,0.0484353415926123,7,3,0,1,7
0.4,29,Corner specific moves,all,10,0.0079495676384441,-0.0037878501159378,0.0212005853623111,-0.0063041862733513,0.0223837610212645,0.0286879472946159,-0.0119047619047619,0.0499021993225514,4,6,0,-1,6
0.4,29,Corner specific moves,assigned,10,0.0063941461196259,-0.0050358672079185,0.0219804409646078,-0.0083991077556623,0.0227924720094066,0.0311915797650689,-0.015488867376573,0.0491580451062724,4,6,0,-1,6
0.4,30,Lap pace & timing,all,10,-0.0074699527401418,-0.0077086847169312,0.0149629566111588,-0.0169208744360337,0.0064124159567278,0.0233332903927616,-0.0313988095238095,0.0115568862275449,4,6,0,-1,6
0.4,30,Lap pace & timing,assigned,10,-0.0176946586186322,-0.0173954276260996,0.0152112754778064,-0.0276181944502423,-0.0054597058688679,0.0221584885813743,-0.0420070265507902,0.0009840414153082,2,8,0,-1,8
0.4,31,Race leader changes,all,10,-0.0070847619066861,-0.0079105887200877,0.0242403033860468,-0.0264713562337144,0.0063569669492613,0.0328283231829757,-0.0359281437125748,0.0430607741396791,4,6,0,-1,6
0.4,31,Race leader changes,assigned,10,-0.0195401239187198,-0.0197563290153165,0.0249271101125566,-0.0404574436437692,-0.0056480608869235,0.0348093827568457,-0.050314465408805,0.0314232651456613,1,9,0,-1,9
0.4,32,Front position changes,all,10,0.0108605748122175,0.0110806261035914,0.022296469083562,-0.0076018912454491,0.0282432034569288,0.0358450947023779,-0.0232985898221949,0.0464831804281345,6,4,0,1,6
0.4,32,Front position changes,assigned,10,0.0071087723945726,0.0057766053000252,0.0236698243695705,-0.0111192868522441,0.0251442829154645,0.0362635697677086,-0.0310204081632653,0.0415333841076415,6,4,0,1,6
0.4,33,Field position changes,all,10,0.0077221850731896,0.00546770679598,0.0184219202982367,-0.0047265057157875,0.0189689371257485,0.023695442841536,-0.0177370030581039,0.0426843542723371,6,4,0,1,6
0.4,33,Field position changes,assigned,10,0.0019954092743164,0.0005368876611155,0.0192783550249588,-0.0144413775983758,0.0176973634805432,0.032138741078919,-0.022086824067022,0.034074074074074,5,5,0,0,5
0.45,0,DRS-assisted battles,all,10,2.9354328836533883e-05,-0.0022844075628271,0.0147299808692596,-0.0103347437634514,0.0099177481090665,0.0202524918725179,-0.021180030257186,0.0261467889908256,4,6,0,-1,6
0.45,0,DRS-assisted battles,assigned,10,-0.0047544538893939,-0.0062524821465964,0.0170515518044836,-0.0152061482820976,0.0076878901692305,0.0228940384513282,-0.033452807646356,0.0191143412723586,3,7,0,-1,7
0.45,1,Time penalties,all,10,0.0061279923759109,-0.0022547161626513,0.0246225492804634,-0.0073076407955534,0.0072983361559661,0.0146059769515196,-0.009191616766467,0.0716905412184382,3,7,0,-1,7
0.45,1,Time penalties,assigned,10,0.0017967128939372,-0.0035564054504569,0.0234271573648676,-0.0108961144238125,0.0066978816031596,0.0175939960269722,-0.0247139702930549,0.0602309083321741,3,7,0,-1,7
0.45,2,Lights-out race starts,all,10,0.0005668946387825,-0.0006661417336798,0.0038981402815346,-0.0013217702265665,-0.0006119957925289,0.0007097744340376,-0.0026881720430107,0.0083169291338582,2,8,0,-1,8
0.45,2,Lights-out race starts,assigned,10,0.0002194800955164,-0.0009712535344015,0.0046312516299432,-0.0020869260160952,-0.0008362920205933,0.0012506339955018,-0.0042342978122794,0.0087064676616915,2,8,0,-1,8
0.45,3,Mirror checks defending,all,10,0.0052663383196725,0.0041502211051152,0.0081629040000174,-0.0013648280897384,0.0108937959320813,0.0122586240218198,-0.0044642857142857,0.019251497005988,5,5,0,0,5
0.45,3,Mirror checks defending,assigned,10,0.0046157059254213,0.0033376622769733,0.0086038886750605,-0.0020878616796047,0.0107669028968386,0.0128547645764434,-0.0063965884861407,0.0200973504616619,5,5,0,0,5
0.45,4,Race start launch,all,10,0.0074170537955406,0.0038003788263347,0.0108900340103846,-0.0021990415260592,0.0156578575510929,0.0178568990771522,-0.002838605028386,0.0255561519651696,5,5,0,0,5
0.45,4,Race start launch,assigned,10,0.0070801247151045,0.0035918463406226,0.0117615844671008,-0.003169136706956,0.0155410528375874,0.0187101895445435,-0.0043532338308457,0.0267460317460317,5,5,0,0,5
0.45,5,Weather conditions,all,10,-0.0108996133625301,-0.0023511894902289,0.022425917588076,-0.0101414363822452,-0.0018905500811718,0.0082508863010733,-0.0582437275985663,0.017754491017964,1,9,0,-1,9
0.45,5,Weather conditions,assigned,10,-0.0181498211189794,-0.0036577863371315,0.0344612955360576,-0.0147633483317222,-0.0025807567127746,0.0121825916189476,-0.091743119266055,0.0177388598956242,1,9,0,-1,9
0.45,6,Grand Prix wins,all,10,0.0284250763421883,0.0206763851296817,0.0296521781129326,0.0184403731906266,0.0436525303217114,0.0252121571310848,-0.0327380952380952,0.0749758592895847,9,1,0,1,9
0.45,6,Grand Prix wins,assigned,10,0.0104581119724769,0.0034218200384838,0.034307385205475,-0.0033613113290532,0.0250378817710611,0.0283991931001144,-0.0556147832267235,0.0721691126969166,7,3,0,1,7
0.45,7,Race start lights,all,10,0.0012567971415201,-0.0016659341866725,0.0070869373085432,-0.0029178993326696,0.0029166227871207,0.0058345221197903,-0.0053763440860215,0.0151162142578451,3,7,0,-1,7
0.45,7,Race start lights,assigned,10,0.0001757487069785,-0.0023997497582019,0.0078116578208671,-0.0044382235851843,0.0016397851898848,0.0060780087750692,-0.0084685956245589,0.014709973570733,3,7,0,-1,7
0.45,8,Race control flags,all,10,0.0038477419821474,0.004809945631796,0.011318339631771,-0.0067020289746798,0.0081607964998547,0.0148628254745345,-0.0085626911314984,0.0231527433140336,6,4,0,1,6
0.45,8,Race control flags,assigned,10,0.00018224219327,-0.00033939079675,0.0114259581081681,-0.0100435313262815,0.0051106641961861,0.0151541955224676,-0.0129716981132075,0.0213361561985415,4,6,0,-1,6
0.45,9,Formula 1 milestones,all,10,0.0058145790088098,0.0043621951745571,0.0170390221961224,-0.0090488905900651,0.0107568561612679,0.019805746751333,-0.0118297192805513,0.0377675840978593,6,4,0,1,6
0.45,9,Formula 1 milestones,assigned,10,0.0004018698128817,-0.0018896375593545,0.0187460464644428,-0.0140869437143116,0.0087568502579334,0.022843793972245,-0.0252366510431026,0.0345740646246776,4,6,0,-1,6
0.45,10,Chicane moves,all,10,0.0043982225000045,0.0,0.0148031755507588,-0.0007113159104843,0.0,0.0007113159104843,-0.0022401433691756,0.0463112065366493,2,4,4,-1,4
0.45,10,Chicane moves,assigned,10,0.0038974387354953,0.0,0.0150365287631686,-0.0010256133437693,0.0,0.0010256133437693,-0.0035285815102328,0.0464920634920634,2,4,4,-1,4
0.45,11,Team radio celebrations,all,10,-0.0039524047577184,-0.0065049815100039,0.0086459418637448,-0.0091840495962806,-0.0043721579296954,0.0048118916665852,-0.0099737532808398,0.0188736463246267,2,8,0,-1,8
0.45,11,Team radio celebrations,assigned,10,-0.0076421911552715,-0.0094616204690831,0.0103423192083705,-0.0137284283513097,-0.0070006526009579,0.0067277757503517,-0.015531660692951,0.0200888649522014,1,9,0,-1,9
0.45,12,Podium finishes,all,10,-0.0026863144665366,-0.0005206424031752,0.0087356501509513,-0.0091942886411174,0.0046913081177352,0.0138855967588527,-0.0166261151662611,0.0080239520958083,4,6,0,-1,6
0.45,12,Podium finishes,assigned,10,-0.0077717355411523,-0.0051990123756952,0.0100656714711452,-0.0134385171790235,0.0007128272738159,0.0141513444528394,-0.0254975124378109,0.0025523406257351,3,7,0,-1,7
0.45,13,Championship & title,all,10,0.0122655076439709,0.0051656953080072,0.0215856121590173,-0.0040388009524013,0.02501657179966,0.0290553727520614,-0.0080475710203395,0.0572098152743314,6,4,0,1,6
0.45,13,Championship & title,assigned,10,0.0046014302337933,-0.0049399932537773,0.0242032373467394,-0.0130262149059814,0.0226729721528348,0.0356991870588162,-0.0192629353919676,0.0522818160432839,4,6,0,-1,6
0.45,14,Pit stops,all,10,0.0017659757758689,-0.0007307756684412,0.0147702824745484,-0.0018771015175051,0.0108725338027928,0.0127496353202979,-0.0245248313917841,0.025297619047619,5,5,0,0,5
0.45,14,Pit stops,assigned,10,-0.0070454569738357,-0.0101317249321494,0.0170863489528171,-0.0128334530167706,-0.0014916805914397,0.0113417724253309,-0.0361663652802893,0.0275408670931058,3,7,0,-1,7
0.45,15,Tires & compounds,all,10,0.0011043417934144,-0.0144373534541195,0.0571409829974609,-0.0185297735341218,-0.0040597464379452,0.0144700270961766,-0.0629969418960244,0.1489247311827957,2,8,0,-1,8
0.45,15,Tires & compounds,assigned,10,-0.0175569187479227,-0.0326512275032538,0.0606460197614715,-0.0446128109795659,-0.0150840340965859,0.0295287768829799,-0.0838079739625712,0.1362150082333568,2,8,0,-1,8
0.45,16,Safety car deployment,all,10,0.0005570205654773,0.0028097834816866,0.015648964653615,-0.0082396384479717,0.0075718181307997,0.0158114565787715,-0.0275904353157572,0.0300360892388451,5,5,0,0,5
0.45,16,Safety car deployment,assigned,10,-0.0063399918158005,-0.0058584145853732,0.0180247646893271,-0.0141698786288338,0.0036878134821048,0.0178576921109386,-0.0406871609403255,0.0264660563763255,3,7,0,-1,7
0.45,17,Gap & pace,all,10,-0.0128536448578191,-0.0151370126899275,0.0097285148338353,-0.0194354594382663,-0.0047700294712007,0.0146654299670655,-0.02650290885585,0.0011993382961124,2,8,0,-1,8
0.45,17,Gap & pace,assigned,10,-0.0227561465971484,-0.0238163683015694,0.0098195632321289,-0.0300167168845949,-0.0147119294722135,0.0153047874123814,-0.0386427898209236,-0.0092539682539682,0,10,0,-1,10
0.45,18,Team dynamics,all,10,0.0436457949452185,0.0367924954656862,0.050796553904626,0.0076809734720659,0.068035232075527,0.060354258603461,-0.0135856079404466,0.1500882501260716,8,2,0,1,8
0.45,18,Team dynamics,assigned,10,0.025133873076669,0.0192835519415778,0.0534279821923037,-0.0082393360779908,0.0532834700349538,0.0615228061129447,-0.0365325805692778,0.1387740097417517,5,5,0,0,5
0.45,19,Race lead holding,all,10,0.0121010122394957,0.0110552794263893,0.0123711387925559,0.0079695891434432,0.0155617650615073,0.0075921759180641,-0.0044910179640718,0.0386409480584972,8,2,0,1,8
0.45,19,Race lead holding,assigned,10,0.0114961404266652,0.0108201567916698,0.0137475942067456,0.0060302881198403,0.015474308400435,0.0094440202805947,-0.0070754716981132,0.0413748736329381,8,2,0,1,8
0.45,20,Wing & car damage,all,10,-0.0007890847017136,-0.0057537729658792,0.0140280940938825,-0.0075444798753476,-0.0028113292463387,0.0047331506290089,-0.0150891632373113,0.0283930661613065,2,8,0,-1,8
0.45,20,Wing & car damage,assigned,10,-0.0039739849169745,-0.0083538394315019,0.0149194527290831,-0.0119086866842496,-0.0042958235030799,0.0076128631811697,-0.022,0.0267074697454444,2,8,0,-1,8
0.45,21,Braking & lockups,all,10,0.0152354993659434,0.0109389376188431,0.03143929157259,-0.0022119250001224,0.0205917774656208,0.0228037024657432,-0.0239325937132291,0.0857784431137724,6,4,0,1,6
0.45,21,Braking & lockups,assigned,10,0.0080863471545591,0.0045088465614805,0.035056335235544,-0.0073257072543123,0.0112171269123848,0.0185428341666971,-0.0443525411267346,0.0839773183460457,6,4,0,1,6
0.45,22,Wheel-to-wheel,all,10,0.0183659190493577,0.018479300482654,0.0220559340963474,-0.0029041858678955,0.0328974017692024,0.0358015876370979,-0.0060514372163388,0.0532634730538922,6,4,0,1,6
0.45,22,Wheel-to-wheel,assigned,10,0.0173606194125498,0.0181270876690192,0.022757195044566,-0.0042568686961402,0.0312516799356652,0.0355085486318055,-0.009557945041816,0.0532165796868727,6,4,0,1,6
0.45,23,Circuit action,all,10,0.0034550204973223,0.0011274949817285,0.0167454092326105,-0.0078937308868501,0.0182302146765866,0.0261239455634367,-0.0173978819969742,0.0270860168885072,6,4,0,1,6
0.45,23,Circuit action,assigned,10,-0.004503747509381,-0.0074195126654836,0.0193906673888174,-0.013898118631649,0.0130031616917712,0.0269012803234202,-0.0327334744765937,0.0226190476190476,3,7,0,-1,7
0.45,24,Inter-car distance,all,10,0.0023712178474233,-0.0023760064045651,0.0173614137112891,-0.0068281646583376,0.0024670025254797,0.0092951671838173,-0.0173228346456692,0.0426029292495587,5,5,0,0,5
0.45,24,Inter-car distance,assigned,10,-0.0028871149875191,-0.0083109856504351,0.0187293912240929,-0.0119105180333081,-0.0029717407269469,0.0089387773063612,-0.0254237288135593,0.0366628396479142,2,8,0,-1,8
0.45,25,Driver & team references,all,10,0.0109313171603449,0.0092842932827479,0.0214204337087692,-0.0066136256853168,0.0310105777895965,0.0376242034749134,-0.018011811023622,0.0393588092171175,6,4,0,1,6
0.45,25,Driver & team references,assigned,10,0.0005243136249813,-0.0067973596078484,0.0225581558921952,-0.0161315862323159,0.0224383464643459,0.0385699326966619,-0.0334813740596392,0.0316877152698048,4,6,0,-1,6
0.45,26,Defending & attacking,all,10,0.0149034619696304,0.0134655450001543,0.0211216409154938,-0.0039638206569991,0.0312066628845184,0.0351704835415175,-0.0089163237311385,0.0495209580838323,6,4,0,1,6
0.45,26,Defending & attacking,assigned,10,0.0124541971187821,0.0107012852236043,0.0228710129240951,-0.0074839763196759,0.0298453795264098,0.0373293558460857,-0.013,0.0473203532717784,5,5,0,0,5
0.45,27,Overtake battles,all,10,0.0394234488473245,0.0469721613716711,0.0414223823340629,0.0168236140452822,0.0623839279150467,0.0455603138697645,-0.0341017964071856,0.0970751386787695,8,2,0,1,8
0.45,27,Overtake battles,assigned,10,0.0082364036990202,0.0124326819311486,0.0504642621570631,-0.0237311102551928,0.0422378166130733,0.0659689268682661,-0.0741920915295062,0.0746990166345005,6,4,0,1,6
0.45,28,Corner battles,all,10,0.0102628956655016,0.0112239563888384,0.0147286889327107,-0.0028720752155287,0.0213013749930327,0.0241734502085614,-0.0082335329341317,0.0307356519250035,6,4,0,1,6
0.45,28,Corner battles,assigned,10,0.0088892883132871,0.010267469596981,0.0158902861227354,-0.0042401178100578,0.0229010869632917,0.0271412047733496,-0.0129716981132075,0.0298299568341355,6,4,0,1,6
0.45,29,Corner specific moves,all,10,0.0089787443370432,-0.0021822978825045,0.020659831251488,-0.0053713482911775,0.0233582883445707,0.0287296366357482,-0.0097859327217125,0.0499021993225514,4,6,0,-1,6
0.45,29,Corner specific moves,assigned,10,0.0072526513232858,-0.0032124773960217,0.0214166206719215,-0.0079497843940251,0.0242545596850556,0.0322043440790807,-0.0138592750533049,0.0478568694986605,4,6,0,-1,6
0.45,30,Lap pace & timing,all,10,-0.0054676214936114,-0.0066290488593297,0.0152195218272285,-0.0147783266660496,0.0083220775817913,0.0231004042478409,-0.0299107142857142,0.0138023952095808,4,6,0,-1,6
0.45,30,Lap pace & timing,assigned,10,-0.0185474968691406,-0.0181877687911359,0.0161287136446905,-0.0295683780626614,-0.0079675034445676,0.0216008746180937,-0.0445984363894811,0.0039155261488262,2,8,0,-1,8
0.45,31,Race leader changes,all,10,-0.0054277575643592,-0.0067999809397254,0.0247940693978806,-0.0245884912048051,0.0069700877340559,0.031558578938861,-0.0351796407185628,0.0451183873084034,4,6,0,-1,6
0.45,31,Race leader changes,assigned,10,-0.0215020126796009,-0.0226836443556218,0.0273529328312233,-0.0438839456563337,-0.0059090487254681,0.0379748969308655,-0.0554245283018867,0.0342380952380952,1,9,0,-1,9
0.45,32,Front position changes,all,10,0.010544313782247,0.0120944136137293,0.0209491724514196,-0.0064625931335196,0.0232585031651271,0.0297210962986467,-0.0220723482526057,0.0464831804281345,6,4,0,1,6
0.45,32,Front position changes,assigned,10,0.0060332352941339,0.0057526561332531,0.0230078559089878,-0.0106781595919977,0.0180356068908081,0.0287137664828059,-0.0325497287522604,0.0409455117154638,6,4,0,1,6
0.45,33,Field position changes,all,10,0.0107755020531423,0.0093974424619585,0.0188163658482512,-0.0032467747176317,0.0217724818220701,0.0250192565397018,-0.0152905198776758,0.0475893205506939,6,4,0,1,6
0.45,33,Field position changes,assigned,10,0.0045351380733113,0.0045649726656479,0.0204780500089453,-0.0142938893209716,0.0203669592296065,0.0346608485505781,-0.0203417412530512,0.0398525525107803,5,5,0,0,5
